fixed acidity,volatile acidity,citric acid,residual sugar,chlorides,free sulfur dioxide,total sulfur dioxide,density,pH,sulphates,alcohol,quality,quality_category
7.4,0.7,0.0,0.642380063506292,-2.563949857128453,11.0,34.0,0.9978,3.51,0.56,9.4,5,poor
7.8,0.88,0.0,0.9558959864665145,-2.312635428847547,25.0,67.0,0.9968,3.2,0.68,9.8,5,poor
7.8,0.76,0.04,0.8333438110532287,-2.375155785828881,15.0,54.0,0.997,3.26,0.65,9.8,5,poor
7.4,0.7,0.0,0.642380063506292,-2.563949857128453,11.0,34.0,0.9978,3.51,0.56,9.4,5,poor
7.4,0.66,0.0,0.588342066193819,-2.577021938695806,13.0,40.0,0.9978,3.51,0.56,9.4,5,poor
7.9,0.6,0.06,0.4706284340145776,-2.659260036932778,15.0,59.0,0.9964,3.3,0.46,9.4,5,poor
7.5,0.5,0.36,1.8084526921697155,-2.631089159966082,17.0,102.0,0.9978,3.35,0.8,10.5,5,poor
6.7,0.58,0.08,0.588342066193819,-2.322787800311565,15.0,65.0,0.9959,3.28,0.54,9.2,5,poor
7.5,0.5,0.36,1.8084526921697155,-2.631089159966082,17.0,102.0,0.9978,3.35,0.8,10.5,5,poor
5.6,0.615,0.0,0.4706284340145776,-2.4079456086518722,16.0,59.0,0.9943,3.58,0.52,9.9,5,poor
7.8,0.61,0.29,0.4706284340145776,-2.162823150618887,9.0,29.0,0.9974,3.26,1.56,9.1,5,poor
8.9,0.62,0.18,1.3352641900071116,-1.731605546408308,52.0,145.0,0.9986,3.16,0.88,9.2,5,poor
8.9,0.62,0.19,1.3612329305245194,-1.7660917224794772,51.0,148.0,0.9986,3.17,0.93,9.2,5,poor
8.1,0.56,0.28,0.5312163134137247,-0.9969586349416099,16.0,56.0,0.9968,3.11,1.28,9.3,5,poor
7.4,0.59,0.08,1.4818317878289544,-2.4418471603275536,6.0,29.0,0.9974,3.38,0.5,9.0,4,poor
7.6,0.39,0.31,0.8333438110532287,-2.488914671185539,23.0,71.0,0.9982,3.52,0.65,9.7,5,poor
7.9,0.43,0.21,0.4706284340145776,-2.234926444520231,10.0,37.0,0.9966,3.17,0.91,9.5,5,poor
8.5,0.49,0.11,0.8333438110532287,-2.4651040224918206,9.0,67.0,0.9968,3.17,0.53,9.4,5,poor
6.3,0.39,0.16,0.3371862673548698,-2.513306124309698,11.0,23.0,0.9955,3.34,0.56,9.3,5,poor
7.6,0.41,0.24,0.588342066193819,-2.513306124309698,4.0,11.0,0.9962,3.28,0.59,9.5,5,poor
7.9,0.43,0.21,0.4706284340145776,-2.234926444520231,10.0,37.0,0.9966,3.17,0.91,9.5,5,poor
7.1,0.71,0.0,0.642380063506292,-2.513306124309698,14.0,35.0,0.9972,3.47,0.55,9.4,5,poor
6.7,0.675,0.07,0.8758853172391161,-2.4079456086518722,17.0,82.0,0.9958,3.35,0.54,10.1,5,poor
8.3,0.655,0.12,0.8333438110532287,-2.4769384801388235,15.0,113.0,0.9966,3.17,0.66,9.8,5,poor
5.2,0.32,0.25,0.588342066193819,-2.2633643798407643,13.0,50.0,0.9957,3.38,0.55,9.2,5,poor
5.7,1.13,0.09,0.40613155265132483,-1.7544636844843582,7.0,19.0,0.994,3.5,0.48,9.8,4,poor
7.3,0.45,0.36,1.7751218280750318,-2.5902671654458267,12.0,87.0,0.9978,3.33,0.83,10.5,5,poor
7.3,0.45,0.36,1.7751218280750318,-2.5902671654458267,12.0,87.0,0.9978,3.33,0.83,10.5,5,poor
8.8,0.61,0.3,1.0299764962779714,-2.419118909249997,17.0,46.0,0.9976,3.26,0.51,9.3,4,poor
8.1,0.66,0.22,0.7889118025443247,-2.659260036932778,9.0,23.0,0.9968,3.3,1.2,10.3,5,poor
6.8,0.67,0.02,0.588342066193819,-2.975929646257811,5.0,11.0,0.9962,3.48,0.52,9.5,5,poor
4.6,0.52,0.15,0.7424134218628634,-2.900422093749666,8.0,65.0,0.9934,3.9,0.56,13.1,4,poor
7.7,0.935,0.43,0.7889118025443247,-2.162823150618887,22.0,114.0,0.997,3.25,0.73,9.2,5,poor
8.7,0.29,0.52,0.4706284340145776,-2.1715568305876416,12.0,37.0,0.9969,3.25,0.58,9.5,5,poor
6.4,0.4,0.23,0.4706284340145776,-2.703062659591171,5.0,12.0,0.9958,3.34,0.56,9.2,5,poor
5.6,0.31,0.37,0.3371862673548698,-2.5902671654458267,12.0,96.0,0.9954,3.32,0.58,9.2,5,poor
8.8,0.66,0.26,0.5312163134137247,-2.5902671654458267,4.0,23.0,0.9971,3.15,0.74,9.2,5,poor
8.6,0.38,0.36,1.09894556645823,-2.501036031717884,30.0,119.0,0.997,3.2,0.56,9.4,5,poor
7.7,0.62,0.04,1.3352641900071116,-2.4651040224918206,25.0,45.0,0.9978,3.34,0.53,9.5,5,poor
10.2,0.42,0.57,1.2240695060250584,-2.6450754019408214,4.0,10.0,0.9971,3.04,0.63,9.6,5,poor
7.5,0.63,0.12,1.6294365989407895,-2.1892564076870427,50.0,110.0,0.9983,3.26,0.77,9.4,5,poor
7.8,0.59,0.18,0.8333438110532287,-2.563949857128453,17.0,54.0,0.9975,3.43,0.59,10.0,5,poor
8.8,0.4,0.4,0.7889118025443247,-2.5257286443082556,19.0,52.0,0.998,3.44,0.64,9.2,5,poor
7.7,0.69,0.49,0.588342066193819,-2.1541650878757723,20.0,112.0,0.9968,3.21,0.71,9.3,5,poor
7.0,0.735,0.05,0.6936470556015963,-2.501036031717884,13.0,54.0,0.9966,3.39,0.57,9.8,5,poor
7.2,0.725,0.05,1.53708225024196,-2.4418471603275536,4.0,11.0,0.9962,3.41,0.39,10.9,5,poor
7.2,0.725,0.05,1.53708225024196,-2.4418471603275536,4.0,11.0,0.9962,3.41,0.39,10.9,5,poor
7.5,0.52,0.11,0.40613155265132483,-2.5257286443082556,11.0,39.0,0.9968,3.42,0.58,9.6,5,poor
6.6,0.705,0.07,0.4706284340145776,-2.563949857128453,6.0,15.0,0.9962,3.44,0.58,10.7,5,poor
9.3,0.32,0.57,0.6936470556015963,-2.5902671654458267,27.0,65.0,0.9969,3.28,0.79,10.7,5,poor
7.7,0.67,0.23,0.7424134218628634,-2.419118909249997,17.0,96.0,0.9962,3.32,0.48,9.5,5,poor
7.7,0.69,0.22,0.642380063506292,-2.4651040224918206,18.0,94.0,0.9961,3.31,0.48,9.5,5,poor
8.3,0.675,0.26,0.7424134218628634,-2.4651040224918206,11.0,43.0,0.9976,3.31,0.53,9.2,4,poor
9.7,0.32,0.54,0.9166906518954819,-2.353878387381596,28.0,83.0,0.9984,3.28,0.82,9.6,5,poor
8.8,0.41,0.64,0.7889118025443247,-2.364460496712133,9.0,42.0,0.9986,3.54,0.66,10.5,5,poor
8.8,0.41,0.64,0.7889118025443247,-2.364460496712133,9.0,42.0,0.9986,3.54,0.66,10.5,5,poor
6.7,0.75,0.12,0.6936470556015963,-2.4418471603275536,12.0,80.0,0.9958,3.38,0.52,10.1,5,poor
8.3,0.625,0.2,0.40613155265132483,-2.513306124309698,27.0,119.0,0.9972,3.16,1.12,9.1,4,poor
6.2,0.45,0.2,0.4706284340145776,-2.659260036932778,3.0,15.0,0.9958,3.41,0.56,9.2,5,poor
7.8,0.43,0.7,0.642380063506292,-0.7657178733947807,22.0,67.0,0.9974,3.13,1.28,9.4,5,poor
7.4,0.5,0.47,0.6936470556015963,-2.4418471603275536,21.0,73.0,0.997,3.36,0.57,9.1,5,poor
7.3,0.67,0.26,0.588342066193819,-0.9113031903631159,16.0,51.0,0.9969,3.16,1.14,9.4,5,poor
6.9,0.55,0.15,0.7889118025443247,-2.563949857128453,19.0,40.0,0.9961,3.41,0.59,10.1,5,poor
7.7,0.49,0.26,0.642380063506292,-2.7646205525906042,9.0,31.0,0.9966,3.39,0.64,9.6,5,poor
9.3,0.39,0.44,0.7424134218628634,-2.2256240518579173,34.0,125.0,0.9978,3.14,1.22,9.5,5,poor
7.0,0.62,0.08,0.588342066193819,-2.563949857128453,8.0,24.0,0.9978,3.48,0.53,9.0,5,poor
7.9,0.52,0.26,0.642380063506292,-2.5257286443082556,42.0,140.0,0.9964,3.23,0.54,9.5,5,poor
7.7,0.49,0.26,0.642380063506292,-2.7646205525906042,9.0,31.0,0.9966,3.39,0.64,9.6,5,poor
5.0,1.02,0.04,0.3371862673548698,-3.079113882493042,41.0,85.0,0.9938,3.75,0.48,10.5,4,poor
6.8,0.775,0.0,1.09894556645823,-2.2730262907525014,8.0,23.0,0.9965,3.45,0.56,10.7,5,poor
7.0,0.5,0.25,0.6936470556015963,-2.6450754019408214,3.0,22.0,0.9963,3.25,0.63,9.2,5,poor
7.6,0.9,0.06,0.9166906518954819,-2.5257286443082556,5.0,10.0,0.9967,3.39,0.56,9.8,5,poor
8.1,0.575,0.22,0.7424134218628634,-2.551046452292545,12.0,65.0,0.9967,3.29,0.51,9.2,5,poor
7.2,0.49,0.24,0.7889118025443247,-2.6450754019408214,5.0,36.0,0.996,3.33,0.48,9.4,5,poor
8.1,0.575,0.22,0.7424134218628634,-2.551046452292545,12.0,65.0,0.9967,3.29,0.51,9.2,5,poor
7.8,0.41,0.68,0.5312163134137247,-0.7592869830644903,18.0,69.0,0.9973,3.08,1.31,9.3,5,poor
6.2,0.63,0.31,0.5312163134137247,-2.419118909249997,15.0,64.0,0.9969,3.46,0.79,9.3,5,poor
8.1,0.785,0.52,0.6936470556015963,-2.0955709236097197,37.0,153.0,0.9969,3.21,0.69,9.3,5,poor
7.8,0.56,0.19,0.588342066193819,-2.2537949288246137,12.0,47.0,0.9964,3.19,0.93,9.5,5,poor
8.4,0.62,0.09,0.7889118025443247,-2.4651040224918206,11.0,108.0,0.9964,3.15,0.66,9.8,5,poor
8.4,0.6,0.1,0.7889118025443247,-2.453407982728629,14.0,111.0,0.9964,3.15,0.66,9.8,5,poor
7.8,0.56,0.19,0.588342066193819,-2.2537949288246137,12.0,47.0,0.9964,3.19,0.93,9.5,5,poor
7.3,1.07,0.09,0.5312163134137247,-1.720369473141382,10.0,89.0,0.9962,3.3,0.57,9.0,5,poor
7.3,0.695,0.0,0.9166906518954819,-2.577021938695806,3.0,13.0,0.998,3.49,0.52,9.2,5,poor
8.0,0.71,0.0,0.9558959864665145,-2.513306124309698,11.0,34.0,0.9976,3.44,0.53,9.5,5,poor
7.8,0.5,0.17,0.4706284340145776,-2.488914671185539,21.0,102.0,0.996,3.39,0.48,9.5,5,poor
9.0,0.62,0.04,0.642380063506292,-1.9173226922034008,27.0,90.0,0.9984,3.16,0.7,9.4,5,poor
8.2,1.33,0.0,0.5312163134137247,-2.501036031717884,3.0,12.0,0.9964,3.53,0.49,10.9,5,poor
8.1,1.33,0.0,0.588342066193819,-2.488914671185539,3.0,12.0,0.9964,3.54,0.48,10.9,5,poor
6.1,0.38,0.15,0.588342066193819,-2.617295837833746,6.0,19.0,0.9955,3.42,0.57,9.4,5,poor
8.0,0.745,0.56,0.6936470556015963,-2.1286317858706076,30.0,134.0,0.9968,3.24,0.66,9.4,5,poor
5.6,0.5,0.09,0.8333438110532287,-2.995732273553991,17.0,99.0,0.9937,3.63,0.63,13.0,5,poor
5.6,0.5,0.09,0.8333438110532287,-2.995732273553991,17.0,99.0,0.9937,3.63,0.63,13.0,5,poor
8.4,0.745,0.11,0.642380063506292,-2.396895772465287,16.0,63.0,0.9965,3.19,0.82,9.6,5,poor
8.3,0.715,0.15,0.588342066193819,-2.4079456086518722,10.0,52.0,0.9968,3.23,0.77,9.5,5,poor
7.2,0.415,0.36,0.6936470556015963,-2.501036031717884,13.0,45.0,0.9972,3.48,0.64,9.2,5,poor
7.8,0.56,0.19,0.7424134218628634,-2.501036031717884,15.0,105.0,0.9962,3.33,0.54,9.5,5,poor
7.8,0.56,0.19,0.6936470556015963,-2.501036031717884,17.0,108.0,0.9962,3.32,0.54,9.5,5,poor
8.4,0.745,0.11,0.642380063506292,-2.396895772465287,16.0,63.0,0.9965,3.19,0.82,9.6,5,poor
8.3,0.715,0.15,0.588342066193819,-2.4079456086518722,10.0,52.0,0.9968,3.23,0.77,9.5,5,poor
6.3,0.39,0.08,0.5312163134137247,-2.703062659591171,3.0,20.0,0.9954,3.34,0.58,9.4,5,poor
8.1,0.67,0.55,0.588342066193819,-2.137070654516472,32.0,141.0,0.9968,3.17,0.62,9.4,5,poor
5.8,0.68,0.02,0.588342066193819,-2.430418464503931,21.0,94.0,0.9944,3.54,0.52,10.0,5,poor
7.6,0.49,0.26,0.4706284340145776,-1.439695137847006,10.0,88.0,0.9968,3.11,0.8,9.3,5,poor
7.5,0.6,0.03,0.588342066193819,-2.3434070875143007,25.0,99.0,0.995,3.35,0.54,10.1,5,poor
7.5,0.6,0.03,0.588342066193819,-2.3434070875143007,25.0,99.0,0.995,3.35,0.54,10.1,5,poor
7.1,0.43,0.42,1.704929893893321,-2.6450754019408214,29.0,129.0,0.9973,3.42,0.72,10.5,5,poor
7.1,0.43,0.42,1.704929893893321,-2.631089159966082,28.0,128.0,0.9973,3.42,0.71,10.5,5,poor
7.1,0.43,0.42,1.704929893893321,-2.6450754019408214,29.0,129.0,0.9973,3.42,0.72,10.5,5,poor
7.1,0.43,0.42,1.704929893893321,-2.631089159966082,28.0,128.0,0.9973,3.42,0.71,10.5,5,poor
7.1,0.68,0.0,0.7889118025443247,-2.6036901857779675,12.0,22.0,0.9969,3.48,0.5,9.3,5,poor
7.6,0.95,0.03,0.6936470556015963,-2.396895772465287,7.0,20.0,0.9959,3.2,0.56,9.6,5,poor
7.6,0.68,0.02,0.2631331995303682,-2.617295837833746,9.0,20.0,0.9965,3.17,1.08,9.2,4,poor
7.4,0.6,0.26,1.9880113250739486,-2.6450754019408214,36.0,121.0,0.9982,3.37,0.49,9.4,5,poor
7.3,0.59,0.26,1.9742199052667297,-2.6450754019408214,35.0,121.0,0.9981,3.37,0.49,9.4,5,poor
7.8,0.63,0.48,0.5312163134137247,-2.2926347621408776,14.0,96.0,0.9961,3.19,0.62,9.5,5,poor
6.8,0.64,0.1,0.7424134218628634,-2.453407982728629,18.0,101.0,0.9956,3.34,0.52,10.2,5,poor
7.3,0.55,0.03,0.4706284340145776,-2.617295837833746,17.0,42.0,0.9956,3.37,0.48,9.0,4,poor
7.5,0.705,0.24,0.588342066193819,-1.018877320649256,15.0,63.0,0.9964,3.0,1.59,9.5,5,poor
7.9,0.885,0.03,0.588342066193819,-2.8302178350764176,4.0,8.0,0.9972,3.36,0.33,9.1,4,poor
7.3,0.38,0.21,0.6936470556015963,-2.513306124309698,7.0,35.0,0.9961,3.33,0.47,9.5,5,poor
6.9,0.5,0.04,0.40613155265132483,-2.453407982728629,19.0,49.0,0.9958,3.35,0.78,9.5,5,poor
7.3,0.38,0.21,0.6936470556015963,-2.513306124309698,7.0,35.0,0.9961,3.33,0.47,9.5,5,poor
7.0,0.805,0.0,0.9166906518954819,-2.6736487743848776,7.0,20.0,0.9969,3.48,0.56,9.6,5,poor
8.8,0.61,0.14,0.8758853172391161,-2.6882475738060303,10.0,42.0,0.9969,3.19,0.59,9.5,5,poor
8.8,0.61,0.14,0.8758853172391161,-2.6882475738060303,10.0,42.0,0.9969,3.19,0.59,9.5,5,poor
8.9,0.61,0.49,0.6936470556015963,-1.305636458102436,23.0,110.0,0.9972,3.12,1.02,9.3,5,poor
7.2,0.73,0.02,0.9166906518954819,-2.563949857128453,16.0,42.0,0.9972,3.44,0.52,9.3,5,poor
6.8,0.61,0.2,0.588342066193819,-2.551046452292545,11.0,65.0,0.9971,3.54,0.58,9.3,5,poor
8.9,0.31,0.57,0.6936470556015963,-2.1892564076870427,26.0,85.0,0.9971,3.26,0.53,9.7,5,poor
7.4,0.39,0.48,0.6936470556015963,-2.488914671185539,14.0,67.0,0.9972,3.34,0.55,9.2,5,poor
7.7,0.705,0.1,0.9558959864665145,-2.4651040224918206,9.0,26.0,0.9976,3.39,0.49,9.7,5,poor
7.9,0.5,0.33,0.6936470556015963,-2.4651040224918206,15.0,143.0,0.9968,3.2,0.55,9.5,5,poor
7.9,0.49,0.32,0.642380063506292,-2.488914671185539,17.0,144.0,0.9968,3.2,0.55,9.5,5,poor
8.2,0.5,0.35,1.065055505139267,-2.551046452292545,21.0,127.0,0.9976,3.23,0.62,9.4,5,poor
6.8,0.63,0.12,1.3352641900071116,-2.3025850929940455,16.0,126.0,0.9969,3.28,0.61,9.5,5,poor
7.6,0.55,0.21,0.7889118025443247,-2.631089159966082,7.0,28.0,0.9964,3.28,0.55,9.7,5,poor
7.6,0.55,0.21,0.7889118025443247,-2.631089159966082,7.0,28.0,0.9964,3.28,0.55,9.7,5,poor
7.8,0.59,0.33,0.6936470556015963,-2.5902671654458267,24.0,120.0,0.9968,3.25,0.54,9.4,5,poor
7.3,0.58,0.3,0.8758853172391161,-2.5902671654458267,15.0,55.0,0.9968,3.46,0.59,10.2,5,poor
6.9,1.09,0.06,0.7424134218628634,-2.7806208939370456,12.0,31.0,0.9948,3.51,0.43,11.4,4,poor
8.8,0.37,0.48,0.7424134218628634,-2.322787800311565,39.0,145.0,0.9975,3.04,1.03,9.3,5,poor
6.8,0.5,0.11,0.40613155265132483,-2.577021938695806,16.0,49.0,0.99545,3.36,0.79,9.5,5,poor
7.0,0.42,0.35,0.4706284340145776,-2.419118909249997,16.0,39.0,0.9961,3.34,0.55,9.2,5,poor
7.8,0.57,0.31,0.588342066193819,-2.659260036932778,26.0,120.0,0.99625,3.29,0.53,9.3,5,poor
7.8,0.44,0.28,0.9936220748104786,-2.2926347621408776,18.0,95.0,0.9966,3.22,0.67,9.4,5,poor
8.2,0.57,0.26,0.7889118025443247,-2.796881414808826,28.0,65.0,0.9959,3.3,0.43,10.1,5,poor
7.0,0.49,0.49,1.7229451532276951,-2.796881414808826,26.0,121.0,0.9974,3.34,0.76,10.5,5,poor
8.7,0.625,0.16,0.6936470556015963,-2.2827824656978657,13.0,49.0,0.9962,3.14,0.57,11.0,5,poor
8.1,0.725,0.22,0.7889118025443247,-2.617295837833746,11.0,41.0,0.9967,3.36,0.55,9.1,5,poor
7.5,0.49,0.19,0.642380063506292,-2.563949857128453,10.0,44.0,0.9957,3.39,0.54,9.7,5,poor
7.8,0.53,0.33,0.8758853172391161,-2.513306124309698,24.0,144.0,0.99655,3.3,0.6,9.5,5,poor
7.4,0.53,0.26,0.6936470556015963,-2.2827824656978657,16.0,72.0,0.9957,3.15,0.57,9.4,5,poor
6.8,0.61,0.04,0.40613155265132483,-2.8473122684357177,5.0,10.0,0.99525,3.42,0.6,9.5,5,poor
8.4,0.635,0.36,0.6936470556015963,-2.4079456086518722,15.0,55.0,0.99745,3.31,0.57,10.4,4,poor
9.0,0.82,0.14,0.9558959864665145,-2.4079456086518722,9.0,23.0,0.9984,3.39,0.63,9.8,5,poor
6.9,0.52,0.25,0.9558959864665145,-2.501036031717884,10.0,37.0,0.99685,3.46,0.5,11.0,5,poor
6.9,0.52,0.25,0.9558959864665145,-2.501036031717884,10.0,37.0,0.99685,3.46,0.5,11.0,5,poor
8.9,0.635,0.37,0.5312163134137247,-1.3318061758358208,5.0,62.0,0.9971,3.0,1.09,9.3,5,poor
7.1,0.68,0.07,0.642380063506292,-2.577021938695806,16.0,51.0,0.99685,3.38,0.52,9.5,5,poor
8.2,0.6,0.17,0.8333438110532287,-2.617295837833746,11.0,73.0,0.9963,3.2,0.45,9.3,5,poor
11.1,0.35,0.48,1.1317246401183119,-2.396895772465287,5.0,21.0,0.9986,3.17,0.53,10.5,5,poor
7.7,0.775,0.42,0.642380063506292,-2.375155785828881,8.0,86.0,0.9959,3.23,0.59,9.5,5,poor
8.0,0.57,0.23,1.163463260987726,-2.6036901857779675,17.0,119.0,0.99675,3.26,0.57,9.3,5,poor
9.4,0.34,0.37,0.7889118025443247,-2.577021938695806,5.0,13.0,0.998,3.22,0.62,9.2,5,poor
6.6,0.695,0.0,0.7424134218628634,-2.577021938695806,12.0,56.0,0.9968,3.49,0.67,9.2,5,poor
7.9,0.33,0.23,0.5312163134137247,-2.551046452292545,18.0,45.0,0.99625,3.29,0.65,9.3,5,poor
7.0,0.975,0.04,0.6936470556015963,-2.430418464503931,12.0,67.0,0.99565,3.35,0.6,9.4,4,poor
8.0,0.52,0.03,0.5312163134137247,-2.6450754019408214,10.0,35.0,0.99575,3.34,0.57,10.0,5,poor
7.9,0.37,0.23,0.588342066193819,-2.551046452292545,23.0,49.0,0.9963,3.28,0.67,9.3,5,poor
12.5,0.56,0.49,0.8758853172391161,-2.7333680090865,5.0,27.0,0.9999,3.08,0.87,10.9,5,poor
8.1,0.87,0.0,1.1942254528710559,-2.333044300478754,26.0,61.0,1.00025,3.6,0.72,9.8,4,poor
10.9,0.37,0.58,1.3865443298750981,-2.631089159966082,17.0,65.0,0.99935,3.22,0.78,10.1,5,poor
8.4,0.715,0.2,0.8758853172391161,-2.563949857128453,10.0,38.0,0.99735,3.31,0.64,9.4,5,poor
7.5,0.65,0.18,1.9460529959950605,-2.419118909249997,27.0,94.0,0.99915,3.38,0.77,9.4,5,poor
7.6,0.52,0.12,1.09894556645823,-2.6882475738060303,12.0,53.0,0.9971,3.36,0.57,9.1,5,poor
9.9,0.59,0.07,1.2240695060250584,-2.2730262907525014,32.0,71.0,1.00015,3.31,0.71,9.8,5,poor
9.9,0.59,0.07,1.2240695060250584,-2.2730262907525014,32.0,71.0,1.00015,3.31,0.71,9.8,5,poor
11.6,0.42,0.53,1.1942254528710559,-2.24431618487007,33.0,98.0,1.001,3.2,0.95,9.2,5,poor
11.0,0.2,0.48,0.6936470556015963,-1.0671136216087387,6.0,18.0,0.9979,3.3,0.71,10.5,5,poor
10.8,0.5,0.46,0.9166906518954819,-2.6036901857779675,5.0,27.0,1.0001,3.05,0.64,9.5,5,poor
10.6,0.83,0.37,0.9558959864665145,-2.4418471603275536,26.0,70.0,0.9981,3.16,0.52,9.9,5,poor
7.1,0.63,0.06,0.6936470556015963,-2.4769384801388235,8.0,29.0,0.99855,3.67,0.73,9.6,5,poor
7.2,0.65,0.02,0.8333438110532287,-2.353878387381596,5.0,31.0,0.9993,3.67,0.8,9.7,5,poor
6.9,0.67,0.06,0.7424134218628634,-2.513306124309698,8.0,33.0,0.99845,3.68,0.71,9.6,5,poor
8.3,0.705,0.12,0.9558959864665145,-2.375155785828881,12.0,28.0,0.9994,3.51,0.72,10.0,5,poor
7.4,0.67,0.12,0.4706284340145776,-1.6766466621275504,5.0,21.0,0.996,3.39,0.54,9.5,5,poor
8.4,0.65,0.6,0.7424134218628634,-2.1803674602697964,12.0,90.0,0.9973,3.2,0.52,9.2,5,poor
7.6,0.62,0.32,0.7889118025443247,-2.488914671185539,7.0,54.0,0.9966,3.36,0.52,9.4,5,poor
8.6,0.47,0.3,1.09894556645823,-2.563949857128453,30.0,135.0,0.9976,3.3,0.53,9.4,5,poor
7.4,0.36,0.29,0.9558959864665145,-2.430418464503931,26.0,72.0,0.99645,3.39,0.68,11.0,5,poor
9.6,0.56,0.23,1.2240695060250584,-2.2730262907525014,37.0,92.0,0.9996,3.3,0.65,10.1,5,poor
9.3,0.61,0.26,1.2240695060250584,-2.396895772465287,25.0,87.0,0.99975,3.24,0.62,9.7,5,poor
7.8,0.62,0.05,0.8333438110532287,-2.5257286443082556,6.0,18.0,0.99735,3.29,0.63,9.3,5,poor
10.3,0.44,0.5,1.5042995943107957,-2.2256240518579173,5.0,13.0,0.998,3.28,0.83,11.5,5,poor
10.7,0.46,0.39,0.6936470556015963,-2.7806208939370456,7.0,15.0,0.9981,3.18,0.62,9.5,5,poor
8.4,0.56,0.08,0.7424134218628634,-2.24431618487007,16.0,44.0,0.9958,3.13,0.52,11.0,5,poor
7.8,0.43,0.32,1.0299764962779714,-2.513306124309698,29.0,58.0,0.9974,3.31,0.64,10.3,5,poor
7.0,0.685,0.0,0.642380063506292,-2.6882475738060303,40.0,63.0,0.9979,3.6,0.81,9.9,5,poor
7.7,0.665,0.0,0.8758853172391161,-2.396895772465287,8.0,19.0,0.9974,3.27,0.73,9.3,5,poor
13.5,0.53,0.79,1.5688242295488033,-2.111964733385396,23.0,77.0,1.0018,3.18,0.77,13.0,5,poor
11.5,0.41,0.52,1.09894556645823,-2.513306124309698,29.0,55.0,1.0001,3.26,0.88,11.0,5,poor
8.2,0.7,0.23,0.6936470556015963,-2.3025850929940455,14.0,81.0,0.9973,3.19,0.7,9.4,5,poor
11.9,0.58,0.66,0.9166906518954819,-2.617295837833746,6.0,37.0,0.9992,3.05,0.56,10.0,5,poor
12.5,0.46,0.63,0.6936470556015963,-2.631089159966082,6.0,15.0,0.9988,2.99,0.87,10.2,5,poor
10.4,0.575,0.61,0.9558959864665145,-2.563949857128453,11.0,24.0,1.0,3.16,0.69,9.0,5,poor
10.3,0.34,0.52,1.0299764962779714,-1.8325814637483102,15.0,75.0,0.9998,3.18,0.64,9.4,5,poor
6.9,0.765,0.02,0.8333438110532287,-2.7488721956224653,35.0,63.0,0.9975,3.57,0.78,9.9,5,poor
7.4,0.55,0.22,0.7889118025443247,-2.234926444520231,12.0,72.0,0.9959,3.05,0.63,9.2,5,poor
7.7,0.51,0.28,0.7424134218628634,-2.430418464503931,23.0,54.0,0.998,3.42,0.74,9.2,5,poor
9.5,0.37,0.52,0.6936470556015963,-2.488914671185539,6.0,26.0,0.998,3.18,0.51,9.5,5,poor
8.4,0.665,0.61,0.6936470556015963,-2.1803674602697964,13.0,95.0,0.997,3.16,0.54,9.1,5,poor
12.7,0.6,0.65,0.8333438110532287,-2.7488721956224653,6.0,25.0,0.9997,3.03,0.57,9.9,5,poor
6.6,0.735,0.02,2.0669893337405965,-2.0955709236097197,68.0,124.0,0.9994,3.47,0.53,9.9,5,poor
8.7,0.765,0.22,0.8333438110532287,-2.7333680090865,9.0,42.0,0.9963,3.1,0.55,9.4,5,poor
6.6,0.735,0.02,2.0669893337405965,-2.0955709236097197,68.0,124.0,0.9994,3.47,0.53,9.9,5,poor
7.7,0.69,0.05,0.9936220748104786,-2.577021938695806,15.0,27.0,0.9974,3.26,0.61,9.1,5,poor
12.5,0.46,0.49,1.5042995943107957,-2.6450754019408214,26.0,49.0,0.9981,3.05,0.57,9.6,4,poor
9.1,0.45,0.35,0.8758853172391161,-2.513306124309698,23.0,78.0,0.9987,3.38,0.62,9.5,5,poor
7.1,0.735,0.16,0.642380063506292,-2.2926347621408776,15.0,77.0,0.9966,3.27,0.64,9.3,5,poor
8.8,0.52,0.34,0.9936220748104786,-2.430418464503931,24.0,122.0,0.9982,3.26,0.61,9.5,5,poor
8.6,0.725,0.24,1.8872211527066338,-2.137070654516472,31.0,134.0,1.0014,3.32,1.07,9.3,5,poor
7.0,0.58,0.12,0.642380063506292,-2.385966701933097,34.0,124.0,0.9956,3.44,0.48,10.5,5,poor
6.8,0.77,0.0,0.588342066193819,-2.703062659591171,34.0,52.0,0.9976,3.62,0.68,9.9,5,poor
7.7,0.96,0.2,0.6936470556015963,-3.036554268074246,15.0,60.0,0.9955,3.36,0.44,10.9,5,poor
7.7,0.96,0.2,0.6936470556015963,-3.036554268074246,15.0,60.0,0.9955,3.36,0.44,10.9,5,poor
9.1,0.52,0.33,0.2631331995303682,-2.6450754019408214,9.0,30.0,0.9978,3.24,0.6,9.3,5,poor
7.8,0.55,0.35,0.7889118025443247,-2.5902671654458267,21.0,66.0,0.9974,3.25,0.56,9.2,5,poor
12.3,0.39,0.63,0.8333438110532287,-2.385966701933097,6.0,18.0,1.0004,3.16,0.49,9.5,5,poor
12.3,0.39,0.63,0.8333438110532287,-2.385966701933097,6.0,18.0,1.0004,3.16,0.49,9.5,5,poor
7.0,0.62,0.18,0.40613155265132483,-2.7646205525906042,7.0,50.0,0.9951,3.08,0.6,9.3,5,poor
12.5,0.38,0.6,0.9558959864665145,-2.501036031717884,31.0,72.0,0.9996,3.1,0.73,10.5,5,poor
9.3,0.48,0.29,0.7424134218628634,-2.05572501506252,6.0,16.0,0.9968,3.22,0.72,11.2,5,poor
7.0,0.23,0.4,0.4706284340145776,-2.7488721956224653,21.0,67.0,0.9952,3.5,0.63,11.1,5,poor
8.9,0.59,0.39,0.8333438110532287,-2.3434070875143007,5.0,22.0,0.9986,3.37,0.58,10.3,5,poor
9.2,0.63,0.21,0.9936220748104786,-2.322787800311565,29.0,65.0,0.9988,3.28,0.58,9.6,5,poor
11.6,0.58,0.66,0.7889118025443247,-2.5902671654458267,10.0,47.0,1.0008,3.25,0.57,9.0,3,poor
8.3,0.615,0.22,0.9558959864665145,-2.430418464503931,6.0,19.0,0.9982,3.26,0.61,9.3,5,poor
11.0,0.26,0.68,0.9364854391596742,-2.453407982728629,10.0,25.0,0.997,3.18,0.61,11.8,5,poor
8.1,0.66,0.7,0.7889118025443247,-2.312635428847547,25.0,129.0,0.9972,3.08,0.53,9.0,5,poor
10.0,0.29,0.4,1.065055505139267,-2.312635428847547,10.0,26.0,1.0006,3.48,0.91,9.7,5,poor
8.7,0.82,0.02,0.18315454309784637,-2.6450754019408214,36.0,48.0,0.9952,3.2,0.58,9.8,5,poor
13.0,0.32,0.65,0.9558959864665145,-2.364460496712133,15.0,47.0,0.9996,3.05,0.61,10.6,5,poor
9.9,0.35,0.55,0.7424134218628634,-2.7646205525906042,5.0,14.0,0.9971,3.26,0.79,10.6,5,poor
9.6,0.68,0.24,0.7889118025443247,-2.430418464503931,5.0,28.0,0.9988,3.14,0.6,10.2,5,poor
9.3,0.27,0.41,0.6936470556015963,-2.385966701933097,6.0,16.0,0.998,3.28,0.7,9.7,5,poor
9.6,0.68,0.24,0.7889118025443247,-2.430418464503931,5.0,28.0,0.9988,3.14,0.6,10.2,5,poor
10.6,0.28,0.39,2.740904537973157,-2.659260036932778,6.0,23.0,1.0026,3.12,0.66,9.2,5,poor
10.6,0.36,0.59,0.7889118025443247,-1.8773173575897015,6.0,18.0,0.9986,3.04,1.05,9.4,5,poor
10.6,0.36,0.6,0.7889118025443247,-1.8773173575897015,7.0,18.0,0.9986,3.04,1.06,9.4,5,poor
10.2,0.67,0.39,0.642380063506292,-2.900422093749666,6.0,17.0,0.9976,3.17,0.47,10.0,5,poor
10.2,0.67,0.39,0.642380063506292,-2.900422093749666,6.0,17.0,0.9976,3.17,0.47,10.0,5,poor
7.2,0.34,0.32,0.9166906518954819,-2.396895772465287,43.0,113.0,0.9966,3.32,0.79,11.1,5,poor
12.4,0.42,0.49,1.5262736711733316,-2.6036901857779675,19.0,43.0,0.9978,3.02,0.61,9.5,5,poor
8.5,0.655,0.49,1.8084526921697155,-2.0955709236097197,34.0,151.0,1.001,3.31,1.14,9.3,5,poor
10.4,0.61,0.49,0.7424134218628634,-1.6044503709230613,5.0,16.0,0.9994,3.16,0.63,8.4,3,poor
7.3,0.365,0.49,0.9166906518954819,-2.419118909249997,39.0,106.0,0.9966,3.36,0.78,11.0,5,poor
7.6,0.41,0.49,0.6936470556015963,-2.419118909249997,16.0,43.0,0.998,3.48,0.64,9.1,5,poor
8.2,0.39,0.49,0.8333438110532287,-2.3025850929940455,47.0,133.0,0.9979,3.38,0.99,9.8,5,poor
9.3,0.4,0.49,0.9166906518954819,-2.453407982728629,38.0,142.0,0.9978,3.22,0.55,9.4,5,poor
9.2,0.43,0.49,0.8758853172391161,-2.4418471603275536,23.0,116.0,0.9976,3.23,0.64,9.5,5,poor
10.4,0.64,0.24,1.0299764962779714,-2.24431618487007,29.0,53.0,0.9998,3.24,0.67,9.9,5,poor
7.3,0.365,0.49,0.9166906518954819,-2.419118909249997,39.0,106.0,0.9966,3.36,0.78,11.0,5,poor
9.9,0.63,0.24,0.8758853172391161,-2.551046452292545,6.0,33.0,0.9974,3.09,0.57,9.4,5,poor
11.9,0.38,0.49,0.9936220748104786,-2.312635428847547,12.0,42.0,1.0004,3.16,0.61,10.3,5,poor
11.9,0.38,0.49,0.9936220748104786,-2.312635428847547,12.0,42.0,1.0004,3.16,0.61,10.3,5,poor
9.9,0.63,0.24,0.8758853172391161,-2.551046452292545,6.0,33.0,0.9974,3.09,0.57,9.4,5,poor
11.2,0.5,0.74,1.6391908705834484,-2.2926347621408776,5.0,17.0,0.9996,3.22,0.62,11.2,5,poor
9.2,0.59,0.24,1.1942254528710559,-2.2827824656978657,20.0,47.0,0.9988,3.26,0.67,9.6,5,poor
9.3,0.715,0.24,0.7424134218628634,-2.6450754019408214,5.0,20.0,0.9966,3.12,0.59,9.9,5,poor
9.1,0.47,0.49,0.9558959864665145,-2.353878387381596,38.0,106.0,0.9982,3.08,0.59,9.1,5,poor
5.0,1.04,0.24,0.4706284340145776,-2.975929646257811,32.0,96.0,0.9934,3.74,0.62,11.5,5,poor
15.5,0.645,0.49,1.4353225921872452,-2.3434070875143007,10.0,23.0,1.00315,2.92,0.74,11.1,5,poor
15.5,0.645,0.49,1.4353225921872452,-2.3434070875143007,10.0,23.0,1.00315,2.92,0.74,11.1,5,poor
15.6,0.645,0.49,1.4353225921872452,-2.3434070875143007,10.0,23.0,1.00315,2.92,0.74,11.1,5,poor
12.7,0.6,0.49,1.0299764962779714,-2.577021938695806,5.0,19.0,0.9994,3.14,0.57,11.4,5,poor
9.0,0.44,0.49,0.8758853172391161,-2.5383074265151158,26.0,121.0,0.9978,3.23,0.58,9.2,5,poor
9.0,0.54,0.49,1.065055505139267,-2.353878387381596,41.0,110.0,0.9982,3.08,0.61,9.2,5,poor
12.7,0.6,0.49,1.0299764962779714,-2.577021938695806,5.0,19.0,0.9994,3.14,0.57,11.4,5,poor
10.2,0.24,0.49,0.8758853172391161,-2.577021938695806,10.0,28.0,0.9978,3.14,0.61,10.4,5,poor
10.5,0.59,0.49,0.7424134218628634,-2.6450754019408214,14.0,47.0,0.9991,3.3,0.56,9.6,4,poor
9.9,0.5,0.24,0.8333438110532287,-2.2633643798407643,6.0,14.0,0.9978,3.34,0.52,10.0,4,poor
8.8,0.44,0.49,1.0299764962779714,-2.4769384801388235,18.0,111.0,0.9982,3.3,0.6,9.5,5,poor
8.8,0.47,0.49,1.065055505139267,-2.453407982728629,17.0,110.0,0.9982,3.29,0.6,9.8,5,poor
12.3,0.5,0.49,0.7889118025443247,-2.4079456086518722,5.0,14.0,1.0002,3.19,0.44,9.6,5,poor
12.3,0.5,0.49,0.7889118025443247,-2.4079456086518722,5.0,14.0,1.0002,3.19,0.44,9.6,5,poor
11.7,0.49,0.49,0.7889118025443247,-2.4769384801388235,5.0,15.0,1.0,3.19,0.43,9.2,5,poor
7.3,0.73,0.24,0.642380063506292,-2.2164073967529934,18.0,102.0,0.9967,3.26,0.59,9.3,5,poor
9.0,0.45,0.49,0.9558959864665145,-2.4651040224918206,21.0,75.0,0.9987,3.35,0.57,9.7,5,poor
9.0,0.45,0.49,0.9558959864665145,-2.4651040224918206,21.0,75.0,0.9987,3.35,0.57,9.7,5,poor
9.9,0.49,0.58,1.2530486419725286,-2.353878387381596,9.0,43.0,1.0004,3.29,0.58,9.0,5,poor
7.9,0.72,0.17,0.9558959864665145,-2.333044300478754,20.0,38.0,0.9978,3.4,0.53,9.5,5,poor
8.9,0.595,0.41,2.0669893337405965,-2.4418471603275536,30.0,109.0,0.9998,3.27,0.57,9.3,5,poor
8.2,0.915,0.27,0.7424134218628634,-2.419118909249997,7.0,23.0,0.9962,3.26,0.47,10.0,4,poor
7.7,0.835,0.0,0.9558959864665145,-2.501036031717884,6.0,14.0,0.9975,3.3,0.52,9.3,5,poor
8.8,0.24,0.54,0.9166906518954819,-2.4769384801388235,25.0,57.0,0.9983,3.39,0.54,9.2,5,poor
13.2,0.38,0.55,0.9936220748104786,-2.501036031717884,5.0,16.0,1.0006,2.98,0.54,9.4,5,poor
8.2,0.39,0.38,0.40613155265132483,-2.8302178350764176,10.0,29.0,0.9962,3.26,0.74,9.8,5,poor
9.6,0.6,0.5,0.8333438110532287,-2.5257286443082556,28.0,71.0,0.9997,3.5,0.57,9.7,5,poor
9.6,0.6,0.5,0.8333438110532287,-2.5257286443082556,28.0,71.0,0.9997,3.5,0.57,9.7,5,poor
11.4,0.46,0.5,0.9936220748104786,-2.0955709236097197,4.0,17.0,1.0006,3.13,0.7,10.2,5,poor
11.3,0.37,0.41,0.8333438110532287,-2.419118909249997,6.0,16.0,0.9988,3.09,0.8,9.3,5,poor
8.3,0.54,0.24,1.2240695060250584,-2.563949857128453,16.0,112.0,0.9976,3.27,0.61,9.4,5,poor
8.2,0.56,0.23,1.2240695060250584,-2.5383074265151158,14.0,104.0,0.9976,3.28,0.62,9.4,5,poor
10.0,0.58,0.22,0.642380063506292,-2.513306124309698,9.0,32.0,0.9974,3.13,0.55,9.5,5,poor
6.8,0.69,0.0,1.7229451532276951,-2.0794415416798357,21.0,58.0,0.9997,3.46,0.72,10.2,5,poor
6.8,0.69,0.0,1.7229451532276951,-2.0794415416798357,21.0,58.0,0.9997,3.46,0.72,10.2,5,poor
8.8,0.6,0.29,0.7889118025443247,-2.312635428847547,5.0,15.0,0.9988,3.36,0.49,9.1,5,poor
8.8,0.6,0.29,0.7889118025443247,-2.312635428847547,5.0,15.0,0.9988,3.36,0.49,9.1,5,poor
7.6,0.685,0.23,0.8333438110532287,-2.1892564076870427,20.0,84.0,0.9964,3.21,0.61,9.3,5,poor
10.4,0.28,0.54,0.9936220748104786,-2.24431618487007,5.0,19.0,0.9988,3.25,0.63,9.5,5,poor
10.1,0.935,0.22,1.2240695060250584,-2.24431618487007,11.0,86.0,1.001,3.43,0.64,11.3,4,poor
7.9,0.35,0.21,0.642380063506292,-2.6036901857779675,46.0,102.0,0.9964,3.27,0.58,9.5,5,poor
8.7,0.84,0.0,0.3371862673548698,-2.7181005369557116,24.0,33.0,0.9954,3.27,0.55,9.7,5,poor
9.6,0.88,0.28,0.8758853172391161,-2.4418471603275536,30.0,147.0,0.9979,3.24,0.53,9.4,5,poor
9.5,0.885,0.27,0.8333438110532287,-2.4651040224918206,31.0,145.0,0.9978,3.24,0.53,9.4,5,poor
9.9,0.54,0.45,0.8333438110532287,-2.631089159966082,16.0,40.0,0.9991,3.39,0.62,9.4,5,poor
9.5,0.59,0.44,0.8333438110532287,-2.631089159966082,21.0,68.0,0.9992,3.46,0.63,9.5,5,poor
9.9,0.54,0.45,0.8333438110532287,-2.631089159966082,16.0,40.0,0.9991,3.39,0.62,9.4,5,poor
9.5,0.59,0.44,0.8333438110532287,-2.631089159966082,21.0,68.0,0.9992,3.46,0.63,9.5,5,poor
9.9,0.54,0.45,0.8333438110532287,-2.631089159966082,16.0,40.0,0.9991,3.39,0.62,9.4,5,poor
7.3,0.67,0.05,1.2812115846667382,-2.2256240518579173,6.0,20.0,0.9972,3.4,0.63,10.1,5,poor
8.3,0.845,0.01,0.7889118025443247,-2.6450754019408214,5.0,14.0,0.9967,3.32,0.58,11.0,4,poor
10.7,0.43,0.39,0.7889118025443247,-2.234926444520231,8.0,32.0,0.9986,2.89,0.5,9.6,5,poor
9.8,0.88,0.25,0.9166906518954819,-2.2537949288246137,35.0,155.0,1.001,3.41,0.67,11.2,5,poor
15.9,0.36,0.65,2.0150363449874993,-2.333044300478754,22.0,71.0,0.9976,2.98,0.84,14.9,5,poor
8.6,0.47,0.47,0.8758853172391161,-2.5902671654458267,7.0,29.0,0.9979,3.08,0.46,9.5,5,poor
9.7,0.55,0.17,1.065055505139267,-2.430418464503931,20.0,53.0,1.0004,3.14,0.61,9.4,5,poor
10.7,0.43,0.39,0.7889118025443247,-2.234926444520231,8.0,32.0,0.9986,2.89,0.5,9.6,5,poor
7.1,0.84,0.02,1.4818317878289544,-2.333044300478754,5.0,13.0,0.997,3.41,0.57,11.0,4,poor
7.5,0.42,0.31,0.4706284340145776,-2.513306124309698,15.0,42.0,0.9978,3.31,0.64,9.0,5,poor
12.1,0.4,0.52,0.6936470556015963,-2.375155785828881,15.0,54.0,1.0,3.03,0.66,10.2,5,poor
9.4,0.59,0.14,0.6936470556015963,-2.4651040224918206,25.0,48.0,0.9981,3.14,0.56,9.7,5,poor
10.0,0.73,0.43,0.8333438110532287,-2.8134107167600364,15.0,31.0,0.9966,3.15,0.57,11.0,5,poor
6.9,0.4,0.24,0.9166906518954819,-2.4769384801388235,30.0,45.0,0.9959,3.26,0.58,10.0,5,poor
8.2,0.73,0.21,0.5312163134137247,-2.5902671654458267,5.0,13.0,0.9968,3.2,0.52,9.5,5,poor
9.8,1.24,0.34,0.6936470556015963,-2.5257286443082556,32.0,151.0,0.998,3.15,0.53,9.5,5,poor
8.2,0.73,0.21,0.5312163134137247,-2.5902671654458267,5.0,13.0,0.9968,3.2,0.52,9.5,5,poor
9.3,0.41,0.39,0.7889118025443247,-2.7333680090865,12.0,31.0,0.9984,3.26,0.65,10.2,5,poor
8.6,0.8,0.11,0.8333438110532287,-2.4651040224918206,12.0,31.0,0.9979,3.4,0.48,9.9,5,poor
8.3,0.78,0.1,0.9558959864665145,-2.501036031717884,45.0,87.0,0.9983,3.48,0.53,10.0,5,poor
10.8,0.26,0.45,1.1942254528710559,-2.796881414808826,20.0,49.0,0.9972,3.13,0.54,9.6,5,poor
13.3,0.43,0.58,0.642380063506292,-2.6450754019408214,15.0,40.0,1.0004,3.06,0.49,9.0,5,poor
8.5,0.46,0.31,0.8113745619245951,-2.5383074265151158,32.0,58.0,0.998,3.33,0.54,9.8,5,poor
8.1,0.78,0.23,0.9558959864665145,-2.8134107167600364,5.0,15.0,0.997,3.37,0.56,11.3,5,poor
9.8,0.98,0.32,0.8333438110532287,-2.5383074265151158,35.0,152.0,0.998,3.25,0.48,9.4,5,poor
8.1,0.78,0.23,0.9558959864665145,-2.8134107167600364,5.0,15.0,0.997,3.37,0.56,11.3,5,poor
7.1,0.65,0.18,0.588342066193819,-2.6450754019408214,13.0,40.0,0.997,3.44,0.6,9.1,5,poor
9.1,0.64,0.23,1.1317246401183119,-2.3434070875143007,13.0,38.0,0.9998,3.28,0.59,9.7,5,poor
7.7,0.66,0.04,0.4706284340145776,-3.2188758248682006,4.0,9.0,0.9962,3.4,0.47,9.4,5,poor
8.1,0.38,0.48,0.588342066193819,-1.8451602459551701,5.0,17.0,0.9976,3.3,1.05,9.4,5,poor
7.4,1.185,0.0,1.4471542493766532,-2.322787800311565,5.0,14.0,0.9966,3.63,0.54,10.7,3,poor
9.2,0.92,0.24,0.9558959864665145,-2.430418464503931,12.0,93.0,0.9998,3.48,0.54,9.8,5,poor
8.6,0.49,0.51,0.6936470556015963,-0.8603830999358592,16.0,62.0,0.9979,3.03,1.17,9.0,5,poor
9.0,0.48,0.32,1.0299764962779714,-2.4651040224918206,21.0,122.0,0.9984,3.32,0.62,9.4,5,poor
9.0,0.47,0.31,0.9936220748104786,-2.4651040224918206,24.0,125.0,0.9984,3.31,0.61,9.4,5,poor
9.4,0.615,0.28,1.163463260987726,-2.430418464503931,18.0,72.0,1.0001,3.31,0.53,9.7,5,poor
7.5,0.38,0.48,0.9558959864665145,-2.6036901857779675,22.0,84.0,0.9972,3.32,0.7,9.6,4,poor
9.1,0.765,0.04,0.4706284340145776,-2.5383074265151158,4.0,14.0,0.998,3.29,0.54,9.7,4,poor
8.4,1.035,0.15,1.7919261220073759,-2.6036901857779675,11.0,54.0,0.999,3.37,0.49,9.9,5,poor
7.0,0.78,0.08,0.6936470556015963,-2.364460496712133,10.0,19.0,0.9956,3.4,0.47,10.0,5,poor
7.4,0.49,0.19,1.09894556645823,-2.551046452292545,16.0,37.0,0.9966,3.37,0.51,10.5,5,poor
10.6,1.025,0.43,1.0299764962779714,-2.513306124309698,21.0,84.0,0.9985,3.06,0.57,10.1,5,poor
8.9,0.565,0.34,1.09894556645823,-2.364460496712133,16.0,112.0,0.9998,3.38,0.61,9.5,5,poor
8.7,0.69,0.0,1.163463260987726,-2.4651040224918206,13.0,33.0,0.9992,3.36,0.45,9.4,5,poor
8.0,0.43,0.36,0.8333438110532287,-2.577021938695806,10.0,48.0,0.9976,3.34,0.46,9.4,5,poor
9.9,0.74,0.28,0.9558959864665145,-2.5383074265151158,21.0,77.0,0.998,3.28,0.51,9.8,5,poor
8.0,0.43,0.36,0.8333438110532287,-2.577021938695806,10.0,48.0,0.9976,3.34,0.46,9.4,5,poor
7.6,0.46,0.11,0.9558959864665145,-2.5257286443082556,12.0,49.0,0.9968,3.21,0.57,10.0,5,poor
8.4,0.56,0.04,0.6936470556015963,-2.488914671185539,10.0,22.0,0.9976,3.22,0.44,9.6,5,poor
7.1,0.66,0.0,1.3612329305245194,-2.4418471603275536,17.0,45.0,0.9976,3.46,0.54,9.5,5,poor
8.4,0.56,0.04,0.6936470556015963,-2.488914671185539,10.0,22.0,0.9976,3.22,0.44,9.6,5,poor
8.9,0.48,0.24,1.0476698099305348,-2.353878387381596,35.0,106.0,0.9982,3.1,0.53,9.2,5,poor
7.6,0.42,0.08,0.9936220748104786,-2.4651040224918206,15.0,48.0,0.9968,3.21,0.59,10.0,5,poor
7.1,0.31,0.3,0.7889118025443247,-2.9187712324178627,36.0,127.0,0.9965,2.94,1.62,9.5,5,poor
7.5,1.115,0.1,1.1317246401183119,-2.4418471603275536,5.0,12.0,0.9958,3.54,0.6,11.2,4,poor
9.0,0.66,0.17,1.09894556645823,-2.551046452292545,5.0,13.0,0.9976,3.29,0.55,10.4,5,poor
6.4,0.57,0.02,0.588342066193819,-2.6882475738060303,4.0,11.0,0.997,3.46,0.68,9.5,5,poor
6.4,0.57,0.02,0.588342066193819,-2.6882475738060303,4.0,11.0,0.997,3.46,0.68,9.5,5,poor
9.5,0.55,0.66,0.8333438110532287,-0.9467499393588635,12.0,37.0,0.9982,3.17,0.67,9.6,5,poor
8.9,0.875,0.13,1.2386640441158663,-2.419118909249997,4.0,14.0,0.9994,3.44,0.52,11.5,5,poor
7.3,0.835,0.03,0.7424134218628634,-2.375155785828881,10.0,19.0,0.9966,3.39,0.47,9.6,5,poor
7.0,0.45,0.34,0.9936220748104786,-2.488914671185539,16.0,72.0,0.998,3.55,0.6,9.5,5,poor
7.7,0.56,0.2,0.6936470556015963,-2.577021938695806,9.0,39.0,0.9987,3.48,0.62,9.3,5,poor
7.7,0.965,0.1,0.7424134218628634,-2.1803674602697964,11.0,22.0,0.9963,3.26,0.5,9.5,5,poor
7.7,0.965,0.1,0.7424134218628634,-2.1803674602697964,11.0,22.0,0.9963,3.26,0.5,9.5,5,poor
9.0,0.46,0.23,1.0299764962779714,-2.375155785828881,28.0,104.0,0.9983,3.1,0.56,9.2,5,poor
9.0,0.69,0.0,0.8758853172391161,-2.419118909249997,19.0,38.0,0.999,3.35,0.6,9.3,5,poor
9.2,0.53,0.24,0.9558959864665145,-2.5383074265151158,28.0,139.0,0.99788,3.21,0.57,9.5,5,poor
6.5,0.615,0.0,0.642380063506292,-2.7181005369557116,9.0,18.0,0.9972,3.46,0.65,9.2,5,poor
11.6,0.41,0.58,1.0299764962779714,-2.333044300478754,25.0,101.0,1.00024,3.13,0.53,10.0,5,poor
11.1,0.39,0.54,0.9936220748104786,-2.3434070875143007,21.0,101.0,1.0001,3.13,0.51,9.5,5,poor
8.6,0.33,0.4,0.9558959864665145,-2.4769384801388235,16.0,68.0,0.99782,3.3,0.48,9.4,5,poor
8.3,0.65,0.1,1.065055505139267,-2.4079456086518722,17.0,40.0,0.99803,3.29,0.55,9.5,5,poor
8.3,0.65,0.1,1.065055505139267,-2.4079456086518722,17.0,40.0,0.99803,3.29,0.55,9.5,5,poor
7.6,0.54,0.13,0.9166906518954819,-2.322787800311565,24.0,66.0,0.99785,3.39,0.61,9.4,5,poor
8.3,0.65,0.1,1.065055505139267,-2.4079456086518722,17.0,40.0,0.99803,3.29,0.55,9.5,5,poor
8.1,0.87,0.0,0.7889118025443247,-2.4651040224918206,10.0,31.0,0.99656,3.25,0.5,9.8,5,poor
8.1,0.87,0.0,0.7889118025443247,-2.4651040224918206,10.0,31.0,0.99656,3.25,0.5,9.8,5,poor
8.8,0.42,0.21,0.9166906518954819,-2.375155785828881,33.0,88.0,0.99823,3.19,0.52,9.2,5,poor
9.0,0.58,0.25,1.0299764962779714,-2.577021938695806,9.0,104.0,0.99779,3.23,0.57,9.7,5,poor
9.3,0.655,0.26,0.6936470556015963,-2.333044300478754,5.0,35.0,0.99738,3.25,0.42,9.6,5,poor
9.3,0.655,0.26,0.6936470556015963,-2.333044300478754,5.0,35.0,0.99738,3.25,0.42,9.6,5,poor
8.8,0.59,0.18,1.065055505139267,-2.4079456086518722,12.0,74.0,0.99738,3.14,0.54,9.4,5,poor
7.5,0.6,0.32,0.9936220748104786,-2.2633643798407643,13.0,98.0,0.99938,3.45,0.62,9.5,5,poor
7.9,0.72,0.01,0.642380063506292,-2.563949857128453,7.0,32.0,0.99668,3.39,0.54,9.6,5,poor
9.4,0.685,0.26,0.8758853172391161,-2.488914671185539,23.0,143.0,0.9978,3.28,0.55,9.4,5,poor
9.5,0.57,0.27,0.8333438110532287,-2.488914671185539,23.0,144.0,0.99782,3.27,0.55,9.4,5,poor
7.2,1.0,0.0,1.09894556645823,-2.2730262907525014,7.0,16.0,0.99586,3.43,0.46,10.0,5,poor
8.3,0.43,0.3,1.2240695060250584,-2.5257286443082556,7.0,34.0,0.99788,3.36,0.61,10.5,5,poor
7.1,0.52,0.03,0.9558959864665145,-2.563949857128453,21.0,92.0,0.99745,3.5,0.6,9.8,5,poor
6.5,0.46,0.14,0.8758853172391161,-2.162823150618887,9.0,37.0,0.99732,3.66,0.65,9.8,5,poor
9.0,0.82,0.05,0.8758853172391161,-2.501036031717884,26.0,96.0,0.99814,3.36,0.53,10.0,5,poor
6.5,0.46,0.14,0.8758853172391161,-2.162823150618887,9.0,37.0,0.99732,3.66,0.65,9.8,5,poor
7.1,0.59,0.01,0.9166906518954819,-2.551046452292545,20.0,85.0,0.99746,3.55,0.59,9.8,5,poor
9.9,0.35,0.41,0.8333438110532287,-2.4769384801388235,11.0,61.0,0.9982,3.21,0.5,9.5,5,poor
9.9,0.35,0.41,0.8333438110532287,-2.4769384801388235,11.0,61.0,0.9982,3.21,0.5,9.5,5,poor
8.6,0.63,0.17,1.065055505139267,-2.3025850929940455,21.0,119.0,0.998,3.09,0.52,9.3,5,poor
8.8,0.64,0.17,1.065055505139267,-2.4651040224918206,25.0,130.0,0.99818,3.23,0.54,9.6,5,poor
7.7,0.6,0.0,0.9558959864665145,-2.8824035882469876,7.0,13.0,0.99639,3.38,0.56,10.8,5,poor
10.8,0.89,0.3,0.9558959864665145,-2.017406150760383,7.0,60.0,0.99786,2.99,1.18,10.2,5,poor
8.7,0.46,0.31,0.9166906518954819,-2.0635681925235456,24.0,64.0,0.99746,3.1,0.74,9.6,5,poor
7.2,0.61,0.08,1.3865443298750981,-2.488914671185539,26.0,108.0,0.99641,3.25,0.51,9.4,5,poor
8.6,0.55,0.09,1.1942254528710559,-2.6736487743848776,8.0,17.0,0.99735,3.23,0.44,10.0,5,poor
7.4,0.53,0.12,0.642380063506292,-1.7957674906255938,4.0,12.0,0.99702,3.26,0.86,9.2,5,poor
7.3,0.49,0.1,0.9558959864665145,-2.6736487743848776,4.0,14.0,0.99562,3.3,0.47,10.5,5,poor
10.8,0.45,0.33,0.9166906518954819,-2.3025850929940455,20.0,38.0,0.99818,3.24,0.71,10.8,5,poor
6.9,0.39,0.24,0.7424134218628634,-2.2730262907525014,4.0,7.0,0.99462,3.44,0.58,11.4,4,poor
10.8,0.45,0.33,0.9166906518954819,-2.3025850929940455,20.0,38.0,0.99818,3.24,0.71,10.8,5,poor
7.1,0.715,0.0,0.8548407695579324,-2.631089159966082,21.0,47.0,0.99632,3.29,0.45,9.4,5,poor
9.1,0.66,0.15,1.163463260987726,-2.322787800311565,9.0,59.0,0.99976,3.28,0.54,9.6,5,poor
7.0,0.685,0.0,0.642380063506292,-2.3025850929940455,9.0,22.0,0.99606,3.34,0.6,9.7,5,poor
6.7,0.54,0.13,0.6936470556015963,-2.563949857128453,15.0,36.0,0.9973,3.61,0.64,9.8,5,poor
6.7,0.54,0.13,0.6936470556015963,-2.563949857128453,15.0,36.0,0.9973,3.61,0.64,9.8,5,poor
7.1,0.48,0.28,1.0299764962779714,-2.6736487743848776,6.0,16.0,0.99682,3.24,0.53,10.3,5,poor
7.1,0.46,0.14,1.0299764962779714,-2.563949857128453,15.0,37.0,0.99624,3.36,0.49,10.7,5,poor
7.1,0.46,0.14,1.0299764962779714,-2.563949857128453,15.0,37.0,0.99624,3.36,0.49,10.7,5,poor
7.5,0.685,0.07,0.9166906518954819,-2.8302178350764176,5.0,9.0,0.99632,3.38,0.55,10.9,4,poor
10.4,0.44,0.42,0.40613155265132483,-1.9241486572738007,34.0,48.0,0.99832,3.38,0.86,9.9,3,poor
11.6,0.47,0.44,0.4706284340145776,-1.9105430052180221,36.0,51.0,0.99836,3.38,0.86,9.9,4,poor
8.8,0.685,0.26,0.4706284340145776,-2.419118909249997,16.0,23.0,0.99694,3.32,0.47,9.4,5,poor
7.6,0.665,0.1,0.40613155265132483,-2.703062659591171,27.0,55.0,0.99655,3.39,0.51,9.3,5,poor
6.0,0.5,0.04,0.7889118025443247,-2.375155785828881,13.0,26.0,0.99647,3.46,0.47,10.0,5,poor
6.6,0.66,0.0,1.09894556645823,-2.1541650878757723,21.0,31.0,0.99629,3.45,0.63,10.3,5,poor
7.1,0.685,0.35,0.6936470556015963,-2.419118909249997,9.0,92.0,0.9963,3.28,0.62,9.4,5,poor
6.4,0.64,0.21,0.588342066193819,-2.501036031717884,14.0,31.0,0.99689,3.59,0.66,9.8,5,poor
6.4,0.64,0.21,0.588342066193819,-2.501036031717884,14.0,31.0,0.99689,3.59,0.66,9.8,5,poor
6.4,0.64,0.21,0.588342066193819,-2.501036031717884,14.0,31.0,0.99689,3.59,0.66,9.8,5,poor
6.4,0.63,0.21,0.4706284340145776,-2.513306124309698,12.0,32.0,0.99689,3.58,0.66,9.8,5,poor
9.3,0.43,0.44,0.642380063506292,-2.453407982728629,9.0,22.0,0.99708,3.28,0.55,9.5,5,poor
9.3,0.43,0.44,0.642380063506292,-2.453407982728629,9.0,22.0,0.99708,3.28,0.55,9.5,5,poor
8.0,0.42,0.32,0.9166906518954819,-2.513306124309698,26.0,122.0,0.99801,3.22,1.07,9.7,5,poor
7.2,0.62,0.06,0.9936220748104786,-2.551046452292545,15.0,85.0,0.99746,3.51,0.54,9.5,5,poor
7.5,0.42,0.32,0.9936220748104786,-2.6882475738060303,7.0,25.0,0.99628,3.24,0.44,10.4,5,poor
7.2,0.62,0.06,0.9166906518954819,-2.5383074265151158,17.0,84.0,0.99746,3.51,0.53,9.7,5,poor
7.2,0.62,0.06,0.9936220748104786,-2.551046452292545,15.0,85.0,0.99746,3.51,0.54,9.5,5,poor
7.2,0.635,0.07,0.9558959864665145,-2.551046452292545,16.0,86.0,0.99748,3.51,0.54,9.7,5,poor
6.9,0.56,0.03,0.40613155265132483,-2.4418471603275536,36.0,46.0,0.99522,3.53,0.57,10.6,5,poor
7.3,0.35,0.24,0.6936470556015963,-2.6882475738060303,28.0,48.0,0.99576,3.43,0.54,10.0,4,poor
7.1,0.47,0.0,0.7889118025443247,-2.6882475738060303,7.0,14.0,0.99517,3.4,0.58,10.9,4,poor
7.2,0.6,0.04,0.9166906518954819,-2.563949857128453,18.0,88.0,0.99745,3.53,0.55,9.5,5,poor
9.2,0.56,0.18,0.4706284340145776,-2.5383074265151158,10.0,21.0,0.99576,3.15,0.49,9.9,5,poor
7.2,0.6,0.04,0.9166906518954819,-2.563949857128453,18.0,88.0,0.99745,3.53,0.55,9.5,5,poor
8.9,0.75,0.14,0.9166906518954819,-2.4418471603275536,9.0,30.0,0.99824,3.34,0.64,10.5,5,poor
10.7,0.9,0.34,1.8872211527066338,-2.1803674602697964,23.0,99.0,1.00289,3.22,0.68,9.3,5,poor
7.2,0.34,0.24,0.6936470556015963,-2.631089159966082,30.0,52.0,0.99576,3.44,0.58,10.1,5,poor
7.2,0.66,0.03,0.8333438110532287,-2.5383074265151158,16.0,86.0,0.99743,3.53,0.57,9.7,5,poor
7.2,0.66,0.03,0.8333438110532287,-2.5383074265151158,16.0,86.0,0.99743,3.53,0.57,9.7,5,poor
8.3,1.02,0.02,1.2240695060250584,-2.4651040224918206,6.0,11.0,0.99892,3.48,0.49,11.0,3,poor
8.9,0.31,0.36,0.9558959864665145,-2.864704011147587,10.0,39.0,0.99562,3.4,0.69,11.8,5,poor
9.2,0.58,0.2,1.09894556645823,-2.501036031717884,15.0,115.0,0.998,3.23,0.59,9.5,5,poor
7.2,0.54,0.27,0.9558959864665145,-2.4651040224918206,12.0,78.0,0.9964,3.39,0.71,11.0,5,poor
5.3,0.715,0.19,0.40613155265132483,-1.820158943749753,7.0,62.0,0.99395,3.62,0.61,11.0,5,poor
9.6,0.41,0.37,0.8333438110532287,-2.385966701933097,10.0,23.0,0.99786,3.24,0.56,10.5,5,poor
8.6,0.47,0.27,0.8333438110532287,-2.8824035882469876,14.0,28.0,0.99516,3.18,0.8,11.2,5,poor
8.4,0.67,0.19,0.7889118025443247,-2.364460496712133,11.0,75.0,0.99736,3.2,0.59,9.2,4,poor
8.6,0.47,0.27,0.8333438110532287,-2.8824035882469876,14.0,28.0,0.99516,3.18,0.8,11.2,5,poor
6.6,0.61,0.01,0.642380063506292,-2.513306124309698,8.0,25.0,0.99746,3.69,0.73,10.5,5,poor
7.4,0.61,0.01,0.6936470556015963,-2.5902671654458267,13.0,38.0,0.99748,3.48,0.65,9.8,5,poor
7.4,0.61,0.01,0.6936470556015963,-2.5902671654458267,13.0,38.0,0.99748,3.48,0.65,9.8,5,poor
6.6,0.61,0.01,0.642380063506292,-2.513306124309698,8.0,25.0,0.99746,3.69,0.73,10.5,5,poor
12.0,0.63,0.5,0.3371862673548698,-2.631089159966082,6.0,26.0,0.99791,3.07,0.6,10.4,4,poor
6.2,0.46,0.17,0.4706284340145776,-2.6036901857779675,7.0,11.0,0.99425,3.61,0.54,11.4,5,poor
8.5,0.21,0.52,0.642380063506292,-2.396895772465287,9.0,23.0,0.99648,3.36,0.67,10.4,5,poor
8.0,0.59,0.05,0.6936470556015963,-2.4079456086518722,12.0,32.0,0.99735,3.36,0.61,10.0,5,poor
7.1,0.56,0.14,0.4706284340145776,-2.5383074265151158,7.0,18.0,0.99592,3.27,0.62,9.3,5,poor
6.6,0.57,0.02,0.7424134218628634,-2.1541650878757723,6.0,16.0,0.99654,3.38,0.69,9.5,5,poor
8.5,0.66,0.2,0.7424134218628634,-2.322787800311565,23.0,113.0,0.99733,3.13,0.48,9.2,5,poor
6.7,0.56,0.09,1.065055505139267,-2.5257286443082556,7.0,22.0,0.99669,3.46,0.61,10.2,5,poor
8.5,0.34,0.44,0.5312163134137247,-2.5257286443082556,6.0,12.0,0.99605,3.52,0.63,10.7,5,poor
7.2,0.41,0.3,0.7424134218628634,-2.4769384801388235,35.0,72.0,0.997,3.44,0.52,9.4,5,poor
7.2,0.41,0.3,0.7424134218628634,-2.4769384801388235,35.0,72.0,0.997,3.44,0.52,9.4,5,poor
8.4,0.59,0.29,0.9558959864665145,-2.2072749131897207,31.0,119.0,0.99801,3.15,0.5,9.1,5,poor
12.2,0.45,0.49,0.3371862673548698,-2.577021938695806,3.0,6.0,0.9969,3.13,0.63,10.4,5,poor
9.5,0.86,0.26,0.642380063506292,-2.5257286443082556,13.0,28.0,0.99712,3.25,0.62,10.0,5,poor
12.2,0.45,0.49,0.3371862673548698,-2.577021938695806,3.0,6.0,0.9969,3.13,0.63,10.4,5,poor
7.1,0.36,0.3,0.4706284340145776,-2.513306124309698,35.0,70.0,0.99693,3.44,0.5,9.4,5,poor
7.7,0.39,0.12,0.5312163134137247,-2.322787800311565,19.0,27.0,0.99596,3.16,0.49,9.4,5,poor
7.7,0.39,0.12,0.5312163134137247,-2.322787800311565,19.0,27.0,0.99596,3.16,0.49,9.4,5,poor
7.1,0.34,0.28,0.6936470556015963,-2.488914671185539,31.0,68.0,0.99694,3.45,0.48,9.4,5,poor
7.1,0.34,0.28,0.6936470556015963,-2.488914671185539,31.0,68.0,0.99694,3.45,0.48,9.4,5,poor
10.0,0.35,0.45,0.9166906518954819,-2.375155785828881,20.0,88.0,0.99918,3.15,0.43,9.4,5,poor
8.2,0.43,0.29,0.4706284340145776,-2.501036031717884,27.0,45.0,0.99603,3.25,0.54,10.3,5,poor
9.6,0.5,0.36,1.0299764962779714,-2.145581344184381,26.0,55.0,0.99722,3.18,0.68,10.9,5,poor
7.7,1.005,0.15,0.7424134218628634,-2.2730262907525014,11.0,32.0,0.99604,3.23,0.48,10.0,5,poor
7.0,0.5,0.14,0.588342066193819,-2.5383074265151158,10.0,23.0,0.99636,3.53,0.61,10.4,5,poor
7.0,0.51,0.09,0.7424134218628634,-2.7646205525906042,4.0,9.0,0.99584,3.35,0.54,10.5,5,poor
6.4,0.795,0.0,0.7889118025443247,-2.7181005369557116,28.0,52.0,0.99378,3.49,0.52,11.6,5,poor
8.1,0.82,0.0,1.4112308464099221,-2.3434070875143007,5.0,14.0,0.99854,3.36,0.53,9.6,5,poor
7.3,0.91,0.1,0.588342066193819,-2.5902671654458267,20.0,56.0,0.99672,3.35,0.56,9.2,5,poor
7.4,0.965,0.0,0.7889118025443247,-2.419118909249997,16.0,32.0,0.99756,3.58,0.67,10.2,5,poor
7.1,0.43,0.17,0.588342066193819,-2.488914671185539,27.0,51.0,0.99634,3.49,0.64,10.4,5,poor
7.1,0.43,0.17,0.588342066193819,-2.488914671185539,27.0,51.0,0.99634,3.49,0.64,10.4,5,poor
8.5,0.46,0.59,0.3371862673548698,-0.8794767587514388,16.0,45.0,0.99702,3.03,1.34,9.2,5,poor
5.6,0.605,0.05,0.8758853172391161,-2.6036901857779675,19.0,25.0,0.99258,3.56,0.55,12.9,5,poor
7.6,0.42,0.25,1.3612329305245194,-2.2537949288246137,28.0,90.0,0.99784,3.15,0.57,9.1,5,poor
8.0,0.62,0.35,1.0299764962779714,-2.4418471603275536,28.0,52.0,0.997,3.31,0.62,10.8,5,poor
7.5,0.77,0.2,2.091987510848354,-2.312635428847547,30.0,92.0,0.99892,3.2,0.58,9.2,5,poor
7.5,0.77,0.2,2.091987510848354,-2.312635428847547,30.0,92.0,0.99892,3.2,0.58,9.2,5,poor
8.6,0.37,0.65,1.8564542281598664,-2.513306124309698,3.0,8.0,0.99817,3.27,0.58,11.0,5,poor
8.6,0.37,0.65,1.8564542281598664,-2.513306124309698,3.0,8.0,0.99817,3.27,0.58,11.0,5,poor
6.8,0.48,0.08,0.588342066193819,-2.5902671654458267,40.0,64.0,0.99529,3.12,0.49,9.6,5,poor
9.4,0.4,0.47,0.9166906518954819,-2.430418464503931,6.0,20.0,0.99772,3.15,0.5,10.5,5,poor
8.6,0.52,0.38,0.40613155265132483,-2.333044300478754,5.0,18.0,0.99666,3.2,0.52,9.4,5,poor
8.6,0.52,0.38,0.40613155265132483,-2.333044300478754,5.0,18.0,0.99666,3.2,0.52,9.4,5,poor
6.3,0.57,0.28,0.7424134218628634,-3.0159349808715104,13.0,49.0,0.99374,3.41,0.6,12.8,5,poor
8.1,0.78,0.1,1.1942254528710559,-2.396895772465287,4.0,13.0,0.99855,3.36,0.49,9.5,5,poor
5.6,0.66,0.0,0.9166906518954819,-2.703062659591171,7.0,15.0,0.99256,3.52,0.58,12.9,5,poor
6.5,0.58,0.0,0.7889118025443247,-2.333044300478754,3.0,13.0,0.99557,3.62,0.62,11.5,4,poor
10.0,0.43,0.33,0.9936220748104786,-2.3434070875143007,28.0,89.0,0.9984,3.22,0.68,10.0,5,poor
5.9,0.19,0.21,0.5312163134137247,-3.079113882493042,57.0,135.0,0.99341,3.32,0.44,9.5,5,poor
7.5,0.41,0.15,1.308603053404019,-2.2537949288246137,29.0,94.0,0.99786,3.14,0.58,9.1,5,poor
7.3,0.32,0.23,0.8333438110532287,-2.703062659591171,35.0,70.0,0.99588,3.43,0.62,10.1,5,poor
8.3,0.6,0.25,0.7889118025443247,-2.1286317858706076,9.0,38.0,0.99616,3.15,0.53,9.8,5,poor
8.3,0.6,0.25,0.7889118025443247,-2.1286317858706076,9.0,38.0,0.99616,3.15,0.53,9.8,5,poor
10.2,0.41,0.43,0.7889118025443247,-2.198225077669803,11.0,37.0,0.99728,3.16,0.67,10.8,5,poor
9.0,0.785,0.24,0.5312163134137247,-2.5383074265151158,10.0,21.0,0.99692,3.29,0.67,10.0,5,poor
9.0,0.785,0.24,0.5312163134137247,-2.5383074265151158,10.0,21.0,0.99692,3.29,0.67,10.0,5,poor
8.5,0.44,0.5,0.642380063506292,-0.9942522733438669,15.0,38.0,0.99634,3.01,1.1,9.4,5,poor
9.9,0.54,0.26,0.6936470556015963,-2.1892564076870427,7.0,60.0,0.99709,2.94,0.98,10.2,5,poor
6.5,0.88,0.03,1.7229451532276951,-2.5257286443082556,23.0,47.0,0.99572,3.58,0.5,11.2,4,poor
5.6,0.915,0.0,0.7424134218628634,-3.170085660698769,17.0,78.0,0.99346,3.68,0.73,11.4,5,poor
9.8,0.39,0.43,0.5013811649379908,-2.6736487743848776,5.0,11.0,0.99478,3.19,0.46,11.4,5,poor
6.8,0.66,0.07,0.4706284340145776,-2.6450754019408214,16.0,61.0,0.99572,3.29,0.6,9.3,5,poor
6.7,0.64,0.23,0.7424134218628634,-2.513306124309698,11.0,119.0,0.99538,3.36,0.7,10.9,5,poor
6.6,0.8,0.03,2.054251930606176,-2.5257286443082556,6.0,12.0,0.9963,3.52,0.5,12.2,5,poor
6.7,0.64,0.23,0.7424134218628634,-2.513306124309698,11.0,119.0,0.99538,3.36,0.7,10.9,5,poor
8.8,0.955,0.05,0.588342066193819,-2.577021938695806,5.0,19.0,0.99616,3.3,0.44,9.6,4,poor
6.5,0.885,0.0,0.8333438110532287,-1.7897614665653818,6.0,12.0,0.99551,3.56,0.51,10.8,5,poor
6.4,0.885,0.0,0.8333438110532287,-1.7897614665653818,6.0,12.0,0.99551,3.56,0.51,10.8,5,poor
9.9,0.74,0.19,1.7580303164839273,-2.1892564076870427,33.0,76.0,0.99878,3.14,0.55,9.4,5,poor
9.9,0.72,0.55,0.5312163134137247,-1.987774353154012,24.0,52.0,0.99752,3.35,0.94,10.0,5,poor
6.6,0.44,0.15,0.7424134218628634,-2.563949857128453,22.0,53.0,0.9957,3.32,0.62,9.3,5,poor
9.2,0.46,0.23,0.9558959864665145,-2.385966701933097,18.0,77.0,0.99922,3.15,0.51,9.4,5,poor
7.5,0.58,0.03,1.4112308464099221,-2.513306124309698,27.0,46.0,0.99592,3.02,0.47,9.2,5,poor
9.0,0.58,0.25,0.6936470556015963,-2.2537949288246137,8.0,21.0,0.99769,3.27,0.72,9.6,5,poor
7.6,0.43,0.29,0.7424134218628634,-2.577021938695806,19.0,66.0,0.99718,3.4,0.64,9.5,5,poor
7.8,0.815,0.01,0.9558959864665145,-2.5902671654458267,48.0,90.0,0.99621,3.38,0.62,10.8,5,poor
7.6,0.43,0.29,0.7424134218628634,-2.577021938695806,19.0,66.0,0.99718,3.4,0.64,9.5,5,poor
10.2,0.23,0.37,0.7889118025443247,-2.8473122684357177,14.0,36.0,0.99614,3.23,0.49,9.3,4,poor
6.0,0.33,0.32,2.5573048277429997,-2.900422093749666,6.0,113.0,0.99572,3.3,0.56,11.5,4,poor
8.1,0.73,0.0,0.9166906518954819,-2.501036031717884,12.0,24.0,0.99798,3.38,0.46,9.6,4,poor
6.5,0.67,0.0,1.4588475538015993,-2.8473122684357177,11.0,20.0,0.99488,3.45,0.56,11.8,4,poor
7.5,0.61,0.2,0.5312163134137247,-2.563949857128453,36.0,60.0,0.99494,3.1,0.4,9.3,5,poor
9.8,0.37,0.39,0.9166906518954819,-2.5257286443082556,28.0,65.0,0.99729,3.16,0.59,9.8,5,poor
8.3,0.56,0.22,0.8758853172391161,-2.488914671185539,10.0,86.0,0.9983,3.37,0.62,9.5,5,poor
7.4,0.55,0.19,0.588342066193819,-2.488914671185539,15.0,34.0,0.99655,3.49,0.68,10.5,5,poor
7.4,0.74,0.07,0.5312163134137247,-2.4418471603275536,15.0,48.0,0.99502,3.12,0.48,10.0,5,poor
7.4,0.55,0.19,0.588342066193819,-2.488914671185539,15.0,34.0,0.99655,3.49,0.68,10.5,5,poor
7.5,0.58,0.14,0.7889118025443247,-2.551046452292545,27.0,60.0,0.9963,3.28,0.59,9.8,5,poor
7.1,0.72,0.0,0.588342066193819,-2.0874737133771,6.0,14.0,0.99627,3.45,0.58,9.8,5,poor
7.9,0.66,0.0,0.3371862673548698,-2.333044300478754,6.0,13.0,0.99569,3.43,0.58,9.5,5,poor
7.8,0.7,0.06,0.642380063506292,-2.5257286443082556,20.0,35.0,0.99628,3.4,0.69,10.9,5,poor
6.1,0.64,0.02,0.8758853172391161,-2.659260036932778,26.0,46.0,0.99358,3.47,0.45,11.0,5,poor
7.5,0.59,0.22,0.588342066193819,-2.488914671185539,43.0,60.0,0.99499,3.1,0.42,9.2,5,poor
8.6,0.635,0.68,0.588342066193819,-0.9063404010209869,19.0,56.0,0.99632,3.02,1.15,9.3,5,poor
6.3,1.02,0.0,0.6936470556015963,-2.4769384801388235,17.0,24.0,0.99437,3.59,0.55,11.2,4,poor
9.8,0.45,0.38,0.9166906518954819,-2.501036031717884,34.0,66.0,0.99726,3.15,0.58,9.8,5,poor
8.2,0.78,0.0,0.7889118025443247,-2.4079456086518722,13.0,26.0,0.9978,3.37,0.46,9.6,4,poor
5.9,0.46,0.0,0.642380063506292,-2.551046452292545,25.0,44.0,0.99385,3.5,0.53,11.2,5,poor
7.5,0.58,0.2,0.6936470556015963,-2.6036901857779675,34.0,44.0,0.99494,3.1,0.43,9.3,5,poor
8.5,0.4,0.4,1.8407083509599185,-2.975929646257811,3.0,10.0,0.99566,3.28,0.56,12.0,4,poor
7.0,0.42,0.19,0.8333438110532287,-2.631089159966082,18.0,36.0,0.99476,3.39,0.56,10.9,5,poor
11.3,0.37,0.5,0.588342066193819,-2.396895772465287,20.0,47.0,0.99734,3.15,0.57,10.5,5,poor
8.0,0.6,0.08,0.9558959864665145,-2.864704011147587,3.0,7.0,0.99286,3.22,0.37,13.0,5,poor
7.0,0.6,0.3,1.5042995943107957,-2.6736487743848776,20.0,110.0,0.99914,3.3,1.17,10.2,5,poor
7.0,0.6,0.3,1.5042995943107957,-2.6736487743848776,20.0,110.0,0.99914,3.3,1.17,10.2,5,poor
7.6,0.74,0.0,0.642380063506292,-2.2926347621408776,6.0,12.0,0.99521,3.36,0.59,11.0,5,poor
7.5,0.755,0.0,0.642380063506292,-2.4651040224918206,6.0,12.0,0.99672,3.34,0.49,9.7,4,poor
6.6,0.63,0.0,1.4588475538015993,-2.364460496712133,51.0,77.5,0.99558,3.2,0.45,9.5,5,poor
6.6,0.63,0.0,1.4588475538015993,-2.364460496712133,51.0,77.5,0.99558,3.2,0.45,9.5,5,poor
7.6,1.58,0.0,0.7424134218628634,-1.9805015938249322,5.0,9.0,0.99476,3.5,0.4,10.9,3,poor
8.0,0.28,0.44,0.588342066193819,-2.501036031717884,28.0,68.0,0.99501,3.36,0.66,11.2,5,poor
7.6,0.79,0.21,0.8333438110532287,-2.430418464503931,21.0,68.0,0.9955,3.12,0.44,9.2,5,poor
7.5,0.61,0.26,0.642380063506292,-2.6036901857779675,24.0,88.0,0.99612,3.3,0.53,9.8,5,poor
9.7,0.69,0.32,0.9166906518954819,-2.419118909249997,22.0,91.0,0.9979,3.29,0.62,10.1,5,poor
6.8,0.68,0.09,1.3612329305245194,-2.6736487743848776,15.0,29.0,0.99524,3.41,0.52,11.1,4,poor
9.7,0.69,0.32,0.9166906518954819,-2.419118909249997,22.0,91.0,0.9979,3.29,0.62,10.1,5,poor
7.0,0.62,0.1,0.3371862673548698,-2.631089159966082,27.0,63.0,0.996,3.28,0.61,9.2,5,poor
7.5,0.61,0.26,0.642380063506292,-2.6036901857779675,24.0,88.0,0.99612,3.3,0.53,9.8,5,poor
8.0,1.18,0.21,0.642380063506292,-2.4769384801388235,14.0,41.0,0.99532,3.34,0.47,10.5,5,poor
9.7,0.66,0.34,0.9558959864665145,-2.353878387381596,12.0,88.0,0.99796,3.26,0.66,10.1,5,poor
9.1,0.34,0.42,0.588342066193819,-2.8302178350764176,9.0,18.0,0.99392,3.18,0.55,11.4,5,poor
6.5,0.52,0.11,0.588342066193819,-2.6036901857779675,13.0,38.0,0.9955,3.34,0.52,9.3,5,poor
7.8,0.87,0.26,1.3352641900071116,-2.2256240518579173,31.0,67.0,0.99668,3.26,0.46,9.2,5,poor
9.1,0.775,0.22,0.7889118025443247,-2.5257286443082556,12.0,48.0,0.9976,3.18,0.51,9.6,5,poor
7.2,0.835,0.0,0.6936470556015963,-1.7897614665653818,4.0,11.0,0.99608,3.39,0.52,10.0,5,poor
6.0,0.5,0.0,0.3371862673548698,-2.8473122684357177,15.0,26.0,0.99448,3.36,0.45,9.5,5,poor
6.0,0.5,0.0,0.3371862673548698,-2.8473122684357177,15.0,26.0,0.99448,3.36,0.45,9.5,5,poor
6.0,0.5,0.0,0.3371862673548698,-2.8473122684357177,15.0,26.0,0.99448,3.36,0.45,9.5,5,poor
11.5,0.42,0.48,0.9558959864665145,-2.551046452292545,8.0,20.0,0.99852,3.09,0.53,11.0,5,poor
6.1,0.59,0.01,0.7424134218628634,-2.864704011147587,5.0,13.0,0.99472,3.52,0.56,11.4,5,poor
7.2,0.655,0.03,0.588342066193819,-2.5383074265151158,7.0,12.0,0.99587,3.34,0.39,9.5,5,poor
7.2,0.655,0.03,0.588342066193819,-2.5383074265151158,7.0,12.0,0.99587,3.34,0.39,9.5,5,poor
6.9,0.57,0.0,1.0299764962779714,-2.501036031717884,21.0,41.0,0.99518,3.41,0.52,10.8,5,poor
9.0,0.6,0.29,0.6936470556015963,-2.659260036932778,32.0,73.0,0.99654,3.34,0.57,10.0,5,poor
7.6,0.645,0.03,0.642380063506292,-2.4418471603275536,14.0,57.0,0.9969,3.37,0.46,10.3,5,poor
7.6,0.645,0.03,0.642380063506292,-2.4418471603275536,14.0,57.0,0.9969,3.37,0.46,10.3,5,poor
7.2,0.58,0.03,0.8333438110532287,-2.551046452292545,7.0,28.0,0.99568,3.35,0.52,10.0,5,poor
6.1,0.32,0.25,0.588342066193819,-2.4418471603275536,5.0,32.0,0.99464,3.36,0.44,10.1,5,poor
6.1,0.34,0.25,0.588342066193819,-2.4651040224918206,4.0,28.0,0.99464,3.36,0.44,10.1,5,poor
7.4,0.64,0.17,1.6865841216107542,-1.7778565640590636,52.0,98.0,0.99736,3.28,0.5,9.5,5,poor
9.2,0.54,0.31,0.8333438110532287,-2.1803674602697964,11.0,38.0,0.99699,3.24,0.56,10.9,5,poor
8.3,0.85,0.14,0.9166906518954819,-2.364460496712133,13.0,54.0,0.99724,3.36,0.54,10.1,5,poor
8.0,0.83,0.27,0.6936470556015963,-2.513306124309698,11.0,63.0,0.99652,3.29,0.48,9.8,4,poor
7.8,0.5,0.09,0.7889118025443247,-2.1541650878757723,10.0,42.0,0.9971,3.18,0.62,9.5,5,poor
7.3,0.74,0.08,0.5312163134137247,-2.353878387381596,10.0,45.0,0.99576,3.24,0.5,9.8,5,poor
6.6,0.61,0.0,0.4706284340145776,-2.659260036932778,4.0,8.0,0.99396,3.33,0.37,10.4,4,poor
8.7,0.78,0.51,0.5312163134137247,-0.8770700187208739,12.0,66.0,0.99623,3.0,1.17,9.2,5,poor
8.7,0.78,0.51,0.5312163134137247,-0.8770700187208739,12.0,66.0,0.99623,3.0,1.17,9.2,5,poor
7.7,0.75,0.27,1.3352641900071116,-2.198225077669803,34.0,89.0,0.99664,3.24,0.45,9.3,5,poor
6.8,0.815,0.0,0.18315454309784637,-1.3167682984712803,16.0,29.0,0.99471,3.32,0.51,9.8,3,poor
7.2,0.56,0.26,0.6936470556015963,-2.4769384801388235,13.0,100.0,0.99586,3.26,0.52,9.9,5,poor
8.2,0.885,0.2,0.3371862673548698,-2.4418471603275536,7.0,31.0,0.9946,3.11,0.46,10.0,5,poor
6.8,0.83,0.09,0.588342066193819,-2.5902671654458267,4.0,25.0,0.99534,3.38,0.45,9.6,5,poor
8.0,0.6,0.22,0.7424134218628634,-2.513306124309698,25.0,105.0,0.99613,3.3,0.49,9.9,5,poor
8.0,0.6,0.22,0.7424134218628634,-2.513306124309698,25.0,105.0,0.99613,3.3,0.49,9.9,5,poor
7.1,0.755,0.15,0.588342066193819,-2.2256240518579173,20.0,84.0,0.99593,3.19,0.5,9.5,5,poor
8.0,0.81,0.25,1.2240695060250584,-2.563949857128453,34.0,85.0,0.99668,3.19,0.42,9.2,5,poor
7.4,0.64,0.07,0.588342066193819,-2.2926347621408776,8.0,23.0,0.9961,3.3,0.58,9.6,5,poor
7.4,0.64,0.07,0.588342066193819,-2.2926347621408776,8.0,23.0,0.9961,3.3,0.58,9.6,5,poor
6.6,0.64,0.31,1.8084526921697155,-2.4769384801388235,7.0,49.0,0.99718,3.35,0.68,10.3,5,poor
6.7,0.48,0.02,0.7889118025443247,-2.513306124309698,36.0,111.0,0.99524,3.1,0.53,9.7,5,poor
8.0,0.64,0.22,0.8758853172391161,-2.353878387381596,5.0,33.0,0.99612,3.37,0.58,11.0,5,poor
7.1,0.62,0.06,0.2631331995303682,-2.6450754019408214,5.0,12.0,0.9942,3.17,0.48,9.8,5,poor
8.0,0.52,0.25,0.6936470556015963,-2.5383074265151158,19.0,59.0,0.99612,3.3,0.48,10.2,5,poor
6.4,0.57,0.14,1.3612329305245194,-2.6450754019408214,27.0,73.0,0.99669,3.32,0.48,9.2,5,poor
8.7,0.675,0.1,0.4706284340145776,-2.396895772465287,4.0,11.0,0.99745,3.31,0.65,9.55,5,poor
7.3,0.59,0.26,0.6936470556015963,-2.513306124309698,17.0,104.0,0.99584,3.28,0.52,9.9,5,poor
7.9,0.69,0.21,0.7424134218628634,-2.513306124309698,33.0,141.0,0.9962,3.25,0.51,9.9,5,poor
7.9,0.69,0.21,0.7424134218628634,-2.513306124309698,33.0,141.0,0.9962,3.25,0.51,9.9,5,poor
9.9,0.57,0.25,0.6936470556015963,-2.2537949288246137,12.0,89.0,0.9963,3.04,0.9,10.1,5,poor
10.0,0.32,0.59,0.7889118025443247,-2.551046452292545,3.0,15.0,0.9994,3.2,0.78,9.6,5,poor
6.2,0.58,0.0,0.4706284340145776,-2.7181005369557116,8.0,18.0,0.9966,3.56,0.84,9.4,5,poor
10.0,0.32,0.59,0.7889118025443247,-2.551046452292545,3.0,15.0,0.9994,3.2,0.78,9.6,5,poor
7.8,0.53,0.01,0.4706284340145776,-2.551046452292545,3.0,19.0,0.995,3.16,0.46,9.8,5,poor
7.7,0.64,0.21,0.7889118025443247,-2.551046452292545,32.0,133.0,0.9956,3.27,0.45,9.9,5,poor
7.8,0.53,0.01,0.4706284340145776,-2.551046452292545,3.0,19.0,0.995,3.16,0.46,9.8,5,poor
7.5,0.4,0.18,0.4706284340145776,-2.5257286443082556,24.0,58.0,0.9965,3.34,0.58,9.4,5,poor
6.4,0.53,0.09,1.3612329305245194,-2.0874737133771,14.0,31.0,0.9968,3.5,0.67,11.0,4,poor
7.6,0.41,0.33,0.9166906518954819,-2.5383074265151158,6.0,23.0,0.9957,3.3,0.58,11.2,5,poor
7.8,0.64,0.0,0.642380063506292,-2.617295837833746,27.0,55.0,0.9962,3.31,0.63,11.0,5,poor
7.9,0.18,0.4,0.7889118025443247,-2.995732273553991,38.0,67.0,0.996,3.33,0.93,11.3,5,poor
7.4,0.41,0.24,0.588342066193819,-2.703062659591171,18.0,47.0,0.9956,3.37,0.62,10.4,5,poor
10.0,0.38,0.38,0.4706284340145776,-1.7719568419318752,27.0,90.0,0.99914,3.15,0.65,8.5,5,poor
6.8,0.915,0.29,1.5688242295488033,-2.6450754019408214,15.0,39.0,0.99577,3.53,0.54,11.1,5,poor
7.0,0.59,0.0,0.5312163134137247,-2.9374633654300153,3.0,8.0,0.996,3.41,0.47,10.3,5,poor
6.9,0.63,0.02,0.642380063506292,-2.5383074265151158,18.0,30.0,0.99712,3.4,0.75,9.8,5,poor
6.9,0.58,0.2,0.5601870533037148,-2.8302178350764176,8.0,22.0,0.99322,3.38,0.49,11.7,5,poor
6.9,0.63,0.02,0.642380063506292,-2.5383074265151158,18.0,30.0,0.99712,3.4,0.75,9.8,5,poor
6.8,0.67,0.0,0.642380063506292,-2.513306124309698,22.0,39.0,0.99701,3.4,0.74,9.7,5,poor
6.9,0.58,0.01,0.642380063506292,-2.513306124309698,40.0,54.0,0.99683,3.4,0.73,9.7,5,poor
7.6,0.49,0.33,0.642380063506292,-2.5902671654458267,27.0,85.0,0.99706,3.41,0.58,9.0,5,poor
7.6,0.49,0.33,0.642380063506292,-2.5902671654458267,27.0,85.0,0.99706,3.41,0.58,9.0,5,poor
8.4,0.29,0.4,0.5312163134137247,-2.6882475738060303,8.0,20.0,0.99603,3.39,0.6,10.5,5,poor
6.2,0.785,0.0,0.7424134218628634,-2.796881414808826,6.0,13.0,0.99664,3.59,0.61,10.0,4,poor
6.8,0.59,0.1,0.5312163134137247,-2.7488721956224653,34.0,53.0,0.9958,3.41,0.67,9.7,5,poor
6.8,0.59,0.1,0.5312163134137247,-2.7488721956224653,34.0,53.0,0.9958,3.41,0.67,9.7,5,poor
6.7,1.04,0.08,0.8333438110532287,-2.6882475738060303,19.0,32.0,0.99648,3.52,0.57,11.0,4,poor
7.3,0.98,0.05,0.7424134218628634,-2.7806208939370456,20.0,49.0,0.99705,3.31,0.55,9.7,3,poor
10.0,0.69,0.11,0.3371862673548698,-2.4651040224918206,8.0,24.0,0.99578,2.88,0.47,9.7,5,poor
6.7,0.7,0.08,1.3220224710997504,-2.6882475738060303,8.0,16.0,0.99334,3.43,0.52,12.6,5,poor
6.1,0.6,0.08,0.588342066193819,-2.631089159966082,14.0,45.0,0.99336,3.38,0.54,11.0,5,poor
9.9,0.5,0.5,2.624741053305903,-1.579879110192556,48.0,82.0,1.00242,3.16,0.75,8.8,5,poor
9.9,0.5,0.5,2.624741053305903,-1.579879110192556,48.0,82.0,1.00242,3.16,0.75,8.8,5,poor
7.1,0.875,0.05,1.740641598049445,-2.488914671185539,3.0,14.0,0.99808,3.4,0.52,10.2,3,poor
8.2,0.28,0.6,1.09894556645823,-2.2537949288246137,10.0,22.0,0.99828,3.39,0.68,10.6,5,poor
5.6,0.62,0.03,0.40613155265132483,-2.513306124309698,6.0,13.0,0.99498,3.66,0.62,10.1,4,poor
8.2,0.28,0.6,1.09894556645823,-2.2537949288246137,10.0,22.0,0.99828,3.39,0.68,10.6,5,poor
7.2,0.58,0.54,0.7424134218628634,-2.162823150618887,3.0,9.0,0.99719,3.33,0.57,10.3,4,poor
8.1,0.33,0.44,0.40613155265132483,-3.1465551632885744,6.0,12.0,0.99542,3.35,0.61,10.7,5,poor
6.8,0.91,0.06,0.6936470556015963,-2.796881414808826,4.0,11.0,0.99592,3.53,0.64,10.9,4,poor
7.0,0.655,0.16,0.7424134218628634,-2.5902671654458267,8.0,25.0,0.99606,3.37,0.55,9.7,5,poor
6.8,0.68,0.21,0.7424134218628634,-2.6450754019408214,9.0,23.0,0.99546,3.38,0.6,10.3,5,poor
6.0,0.64,0.05,0.642380063506292,-2.703062659591171,9.0,17.0,0.99496,3.52,0.78,10.6,5,poor
5.6,0.54,0.04,0.5312163134137247,-2.995732273553991,5.0,13.0,0.9942,3.72,0.58,11.4,5,poor
5.6,0.54,0.04,0.5312163134137247,-2.995732273553991,5.0,13.0,0.9942,3.72,0.58,11.4,5,poor
6.2,0.65,0.06,0.4706284340145776,-2.975929646257811,6.0,18.0,0.99348,3.57,0.54,11.95,5,poor
7.7,0.54,0.26,0.642380063506292,-2.4079456086518722,23.0,147.0,0.99636,3.26,0.59,9.7,5,poor
7.7,0.54,0.26,0.642380063506292,-2.4079456086518722,23.0,147.0,0.99636,3.26,0.59,9.7,5,poor
7.5,0.725,0.04,0.40613155265132483,-2.563949857128453,8.0,15.0,0.99508,3.26,0.53,9.6,5,poor
7.8,0.82,0.29,1.4588475538015993,-2.4769384801388235,21.0,64.0,0.99642,3.16,0.53,9.4,5,poor
7.3,0.585,0.18,0.8758853172391161,-2.5383074265151158,15.0,60.0,0.99638,3.31,0.54,9.8,5,poor
6.7,0.76,0.02,0.588342066193819,-2.5383074265151158,6.0,12.0,0.996,3.55,0.63,9.95,3,poor
7.9,0.18,0.4,0.588342066193819,-2.7646205525906042,7.0,20.0,0.9941,3.28,0.7,11.1,5,poor
7.1,0.69,0.04,0.7424134218628634,-2.6736487743848776,19.0,27.0,0.99712,3.44,0.67,9.8,5,poor
6.1,0.32,0.25,0.8333438110532287,-2.631089159966082,23.0,58.0,0.99633,3.42,0.97,10.6,5,poor
7.4,0.47,0.46,0.7889118025443247,-2.162823150618887,7.0,20.0,0.99647,3.32,0.63,10.5,5,poor
6.6,0.7,0.08,0.9558959864665145,-2.234926444520231,14.0,27.0,0.99665,3.44,0.58,10.2,5,poor
6.9,0.48,0.2,0.642380063506292,-2.488914671185539,9.0,23.0,0.99585,3.39,0.43,9.05,4,poor
6.1,0.32,0.25,0.8333438110532287,-2.631089159966082,23.0,58.0,0.99633,3.42,0.97,10.6,5,poor
6.8,0.48,0.25,0.6936470556015963,-2.563949857128453,29.0,61.0,0.9953,3.34,0.6,10.4,5,poor
6.7,0.48,0.08,0.7424134218628634,-2.7333680090865,18.0,34.0,0.99552,3.33,0.64,9.7,5,poor
6.1,0.705,0.1,1.0299764962779714,-2.501036031717884,13.0,28.0,0.99631,3.6,0.66,10.2,5,poor
8.0,0.39,0.3,0.642380063506292,-2.5902671654458267,32.0,84.0,0.99717,3.39,0.61,9.0,5,poor
6.2,0.64,0.09,0.9166906518954819,-2.501036031717884,15.0,26.0,0.99538,3.57,0.63,12.0,5,poor
7.2,0.39,0.32,0.588342066193819,-2.7181005369557116,34.0,60.0,0.99714,3.46,0.78,9.9,5,poor
7.0,0.57,0.02,0.6936470556015963,-2.617295837833746,17.0,26.0,0.99575,3.36,0.61,10.2,5,poor
6.3,0.6,0.1,0.4706284340145776,-3.0159349808715104,12.0,26.0,0.99306,3.55,0.51,12.1,5,poor
11.2,0.4,0.5,0.6936470556015963,-2.3025850929940455,19.0,50.0,0.99783,3.1,0.58,10.4,5,poor
7.1,0.68,0.0,0.8333438110532287,-2.430418464503931,17.0,26.0,0.99783,3.45,0.53,9.5,5,poor
7.1,0.67,0.0,0.8333438110532287,-2.4769384801388235,18.0,27.0,0.99768,3.44,0.54,9.4,5,poor
7.3,0.735,0.0,0.7889118025443247,-2.513306124309698,18.0,28.0,0.99765,3.41,0.6,9.4,5,poor
6.6,0.88,0.04,0.7889118025443247,-2.703062659591171,12.0,20.0,0.99636,3.53,0.56,9.9,5,poor
6.9,0.63,0.33,1.9022567689910337,-1.443923473956527,66.0,115.0,0.99787,3.22,0.56,9.5,5,poor
7.8,0.6,0.26,0.6936470556015963,-2.513306124309698,31.0,131.0,0.99622,3.21,0.52,9.9,5,poor
7.8,0.6,0.26,0.6936470556015963,-2.513306124309698,31.0,131.0,0.99622,3.21,0.52,9.9,5,poor
7.8,0.6,0.26,0.6936470556015963,-2.513306124309698,31.0,131.0,0.99622,3.21,0.52,9.9,5,poor
7.2,0.695,0.13,0.6936470556015963,-2.563949857128453,12.0,20.0,0.99546,3.29,0.54,10.1,5,poor
7.2,0.695,0.13,0.6936470556015963,-2.563949857128453,12.0,20.0,0.99546,3.29,0.54,10.1,5,poor
7.2,0.695,0.13,0.6936470556015963,-2.563949857128453,12.0,20.0,0.99546,3.29,0.54,10.1,5,poor
7.2,0.695,0.13,0.6936470556015963,-2.563949857128453,12.0,20.0,0.99546,3.29,0.54,10.1,5,poor
7.0,0.56,0.13,0.4706284340145776,-2.551046452292545,25.0,42.0,0.99629,3.34,0.59,9.2,5,poor
7.3,0.69,0.32,0.7889118025443247,-2.659260036932778,35.0,104.0,0.99632,3.33,0.51,9.5,5,poor
6.2,0.56,0.09,0.5312163134137247,-2.9187712324178627,24.0,32.0,0.99402,3.54,0.6,11.3,5,poor
6.2,0.56,0.09,0.5312163134137247,-2.9187712324178627,24.0,32.0,0.99402,3.54,0.6,11.3,5,poor
6.1,0.715,0.1,0.9558959864665145,-2.9187712324178627,13.0,27.0,0.99362,3.57,0.5,11.9,5,poor
6.2,0.46,0.29,0.7424134218628634,-2.5902671654458267,32.0,98.0,0.99578,3.33,0.62,9.8,5,poor
6.6,0.725,0.2,2.054251930606176,-2.6036901857779675,29.0,79.0,0.9977,3.29,0.54,9.2,5,poor
6.2,0.6,0.08,0.6936470556015963,-2.396895772465287,32.0,44.0,0.9949,3.45,0.58,10.5,5,poor
5.9,0.645,0.12,0.6936470556015963,-2.577021938695806,32.0,44.0,0.99547,3.57,0.71,10.2,5,poor
